ID,wav_path,class_idx,class_name
0,/mnt/data/Sound Sets/UrbanSound8K/UrbanSound8K/audio/fold5/100852-0-0-0.wav,0,air_conditioner
1,/mnt/data/Sound Sets/UrbanSound8K/UrbanSound8K/audio/fold5/100852-0-0-1.wav,0,air_conditioner
2,/mnt/data/Sound Sets/UrbanSound8K/UrbanSound8K/audio/fold5/100852-0-0-10.wav,0,air_conditioner
3,/mnt/data/Sound Sets/UrbanSound8K/UrbanSound8K/audio/fold5/100852-0-0-11.wav,0,air_conditioner
4,/mnt/data/Sound Sets/UrbanSound8K/UrbanSound8K/audio/fold5/100852-0-0-12.wav,0,air_conditioner
5,/mnt/data/Sound Sets/UrbanSound8K/UrbanSound8K/audio/fold5/100852-0-0-13.wav,0,air_conditioner
6,/mnt/data/Sound Sets/UrbanSound8K/UrbanSound8K/audio/fold5/100852-0-0-14.wav,0,air_conditioner
7,/mnt/data/Sound Sets/UrbanSound8K/UrbanSound8K/audio/fold5/100852-0-0-15.wav,0,air_conditioner
8,/mnt/data/Sound Sets/UrbanSound8K/UrbanSound8K/audio/fold5/100852-0-0-16.wav,0,air_conditioner
9,/mnt/data/Sound Sets/UrbanSound8K/UrbanSound8K/audio/fold5/100852-0-0-17.wav,0,air_conditioner
10,/mnt/data/Sound Sets/UrbanSound8K/UrbanSound8K/audio/fold5/100852-0-0-18.wav,0,air_conditioner
11,/mnt/data/Sound Sets/UrbanSound8K/UrbanSound8K/audio/fold5/100852-0-0-19.wav,0,air_conditioner
12,/mnt/data/Sound Sets/UrbanSound8K/UrbanSound8K/audio/fold5/100852-0-0-2.wav,0,air_conditioner
13,/mnt/data/Sound Sets/UrbanSound8K/UrbanSound8K/audio/fold5/100852-0-0-20.wav,0,air_conditioner
14,/mnt/data/Sound Sets/UrbanSound8K/UrbanSound8K/audio/fold5/100852-0-0-21.wav,0,air_conditioner
15,/mnt/data/Sound Sets/UrbanSound8K/UrbanSound8K/audio/fold5/100852-0-0-22.wav,0,air_conditioner
16,/mnt/data/Sound Sets/UrbanSound8K/UrbanSound8K/audio/fold5/100852-0-0-23.wav,0,air_conditioner
17,/mnt/data/Sound Sets/UrbanSound8K/UrbanSound8K/audio/fold5/100852-0-0-24.wav,0,air_conditioner
18,/mnt/data/Sound Sets/UrbanSound8K/UrbanSound8K/audio/fold5/100852-0-0-25.wav,0,air_conditioner
19,/mnt/data/Sound Sets/UrbanSound8K/UrbanSound8K/audio/fold5/100852-0-0-26.wav,0,air_conditioner
20,/mnt/data/Sound Sets/UrbanSound8K/UrbanSound8K/audio/fold5/100852-0-0-27.wav,0,air_conditioner
21,/mnt/data/Sound Sets/UrbanSound8K/UrbanSound8K/audio/fold5/100852-0-0-28.wav,0,air_conditioner
22,/mnt/data/Sound Sets/UrbanSound8K/UrbanSound8K/audio/fold5/100852-0-0-29.wav,0,air_conditioner
23,/mnt/data/Sound Sets/UrbanSound8K/UrbanSound8K/audio/fold5/100852-0-0-3.wav,0,air_conditioner
24,/mnt/data/Sound Sets/UrbanSound8K/UrbanSound8K/audio/fold5/100852-0-0-30.wav,0,air_conditioner
25,/mnt/data/Sound Sets/UrbanSound8K/UrbanSound8K/audio/fold5/100852-0-0-4.wav,0,air_conditioner
26,/mnt/data/Sound Sets/UrbanSound8K/UrbanSound8K/audio/fold5/100852-0-0-5.wav,0,air_conditioner
27,/mnt/data/Sound Sets/UrbanSound8K/UrbanSound8K/audio/fold5/100852-0-0-6.wav,0,air_conditioner
28,/mnt/data/Sound Sets/UrbanSound8K/UrbanSound8K/audio/fold5/100852-0-0-7.wav,0,air_conditioner
29,/mnt/data/Sound Sets/UrbanSound8K/UrbanSound8K/audio/fold5/100852-0-0-8.wav,0,air_conditioner
30,/mnt/data/Sound Sets/UrbanSound8K/UrbanSound8K/audio/fold5/100852-0-0-9.wav,0,air_conditioner
31,/mnt/data/Sound Sets/UrbanSound8K/UrbanSound8K/audio/fold4/117536-1-0-0.wav,1,car_horn
32,/mnt/data/Sound Sets/UrbanSound8K/UrbanSound8K/audio/fold3/118070-1-0-0.wav,1,car_horn
33,/mnt/data/Sound Sets/UrbanSound8K/UrbanSound8K/audio/fold3/118496-1-0-0.wav,1,car_horn
34,/mnt/data/Sound Sets/UrbanSound8K/UrbanSound8K/audio/fold3/118496-1-1-0.wav,1,car_horn
35,/mnt/data/Sound Sets/UrbanSound8K/UrbanSound8K/audio/fold6/121285-0-0-0.wav,0,air_conditioner
36,/mnt/data/Sound Sets/UrbanSound8K/UrbanSound8K/audio/fold6/121285-0-0-1.wav,0,air_conditioner
37,/mnt/data/Sound Sets/UrbanSound8K/UrbanSound8K/audio/fold6/121285-0-0-2.wav,0,air_conditioner
38,/mnt/data/Sound Sets/UrbanSound8K/UrbanSound8K/audio/fold6/121285-0-0-3.wav,0,air_conditioner
39,/mnt/data/Sound Sets/UrbanSound8K/UrbanSound8K/audio/fold6/121285-0-0-4.wav,0,air_conditioner
40,/mnt/data/Sound Sets/UrbanSound8K/UrbanSound8K/audio/fold6/121285-0-0-5.wav,0,air_conditioner
41,/mnt/data/Sound Sets/UrbanSound8K/UrbanSound8K/audio/fold6/121285-0-0-6.wav,0,air_conditioner
42,/mnt/data/Sound Sets/UrbanSound8K/UrbanSound8K/audio/fold6/121285-0-0-7.wav,0,air_conditioner
43,/mnt/data/Sound Sets/UrbanSound8K/UrbanSound8K/audio/fold6/121285-0-0-8.wav,0,air_conditioner
44,/mnt/data/Sound Sets/UrbanSound8K/UrbanSound8K/audio/fold6/121285-0-0-9.wav,0,air_conditioner
45,/mnt/data/Sound Sets/UrbanSound8K/UrbanSound8K/audio/fold5/121286-0-0-0.wav,0,air_conditioner
46,/mnt/data/Sound Sets/UrbanSound8K/UrbanSound8K/audio/fold5/121286-0-0-1.wav,0,air_conditioner
47,/mnt/data/Sound Sets/UrbanSound8K/UrbanSound8K/audio/fold5/121286-0-0-10.wav,0,air_conditioner
48,/mnt/data/Sound Sets/UrbanSound8K/UrbanSound8K/audio/fold5/121286-0-0-11.wav,0,air_conditioner
49,/mnt/data/Sound Sets/UrbanSound8K/UrbanSound8K/audio/fold5/121286-0-0-12.wav,0,air_conditioner
50,/mnt/data/Sound Sets/UrbanSound8K/UrbanSound8K/audio/fold5/121286-0-0-13.wav,0,air_conditioner
51,/mnt/data/Sound Sets/UrbanSound8K/UrbanSound8K/audio/fold5/121286-0-0-14.wav,0,air_conditioner
52,/mnt/data/Sound Sets/UrbanSound8K/UrbanSound8K/audio/fold5/121286-0-0-15.wav,0,air_conditioner
53,/mnt/data/Sound Sets/UrbanSound8K/UrbanSound8K/audio/fold5/121286-0-0-2.wav,0,air_conditioner
54,/mnt/data/Sound Sets/UrbanSound8K/UrbanSound8K/audio/fold5/121286-0-0-3.wav,0,air_conditioner
55,/mnt/data/Sound Sets/UrbanSound8K/UrbanSound8K/audio/fold5/121286-0-0-4.wav,0,air_conditioner
56,/mnt/data/Sound Sets/UrbanSound8K/UrbanSound8K/audio/fold5/121286-0-0-5.wav,0,air_conditioner
57,/mnt/data/Sound Sets/UrbanSound8K/UrbanSound8K/audio/fold5/121286-0-0-6.wav,0,air_conditioner
58,/mnt/data/Sound Sets/UrbanSound8K/UrbanSound8K/audio/fold5/121286-0-0-7.wav,0,air_conditioner
59,/mnt/data/Sound Sets/UrbanSound8K/UrbanSound8K/audio/fold5/121286-0-0-8.wav,0,air_conditioner
60,/mnt/data/Sound Sets/UrbanSound8K/UrbanSound8K/audio/fold5/121286-0-0-9.wav,0,air_conditioner
61,/mnt/data/Sound Sets/UrbanSound8K/UrbanSound8K/audio/fold5/121299-1-0-0.wav,1,car_horn
62,/mnt/data/Sound Sets/UrbanSound8K/UrbanSound8K/audio/fold2/127872-0-0-0.wav,0,air_conditioner
63,/mnt/data/Sound Sets/UrbanSound8K/UrbanSound8K/audio/fold1/127873-0-0-0.wav,0,air_conditioner
64,/mnt/data/Sound Sets/UrbanSound8K/UrbanSound8K/audio/fold6/128465-1-0-0.wav,1,car_horn
65,/mnt/data/Sound Sets/UrbanSound8K/UrbanSound8K/audio/fold6/128465-1-0-1.wav,1,car_horn
66,/mnt/data/Sound Sets/UrbanSound8K/UrbanSound8K/audio/fold6/128465-1-0-2.wav,1,car_horn
67,/mnt/data/Sound Sets/UrbanSound8K/UrbanSound8K/audio/fold6/128465-1-0-3.wav,1,car_horn
68,/mnt/data/Sound Sets/UrbanSound8K/UrbanSound8K/audio/fold6/128465-1-0-4.wav,1,car_horn
69,/mnt/data/Sound Sets/UrbanSound8K/UrbanSound8K/audio/fold6/128465-1-0-5.wav,1,car_horn
70,/mnt/data/Sound Sets/UrbanSound8K/UrbanSound8K/audio/fold6/128465-1-0-6.wav,1,car_horn
71,/mnt/data/Sound Sets/UrbanSound8K/UrbanSound8K/audio/fold6/128465-1-0-7.wav,1,car_horn
72,/mnt/data/Sound Sets/UrbanSound8K/UrbanSound8K/audio/fold6/128465-1-0-8.wav,1,car_horn
73,/mnt/data/Sound Sets/UrbanSound8K/UrbanSound8K/audio/fold2/132073-1-0-0.wav,1,car_horn
74,/mnt/data/Sound Sets/UrbanSound8K/UrbanSound8K/audio/fold2/132073-1-1-0.wav,1,car_horn
75,/mnt/data/Sound Sets/UrbanSound8K/UrbanSound8K/audio/fold2/132073-1-2-0.wav,1,car_horn
76,/mnt/data/Sound Sets/UrbanSound8K/UrbanSound8K/audio/fold2/132073-1-3-0.wav,1,car_horn
77,/mnt/data/Sound Sets/UrbanSound8K/UrbanSound8K/audio/fold2/132073-1-4-0.wav,1,car_horn
78,/mnt/data/Sound Sets/UrbanSound8K/UrbanSound8K/audio/fold2/132073-1-5-0.wav,1,car_horn
79,/mnt/data/Sound Sets/UrbanSound8K/UrbanSound8K/audio/fold2/132073-1-6-0.wav,1,car_horn
80,/mnt/data/Sound Sets/UrbanSound8K/UrbanSound8K/audio/fold3/13230-0-0-1.wav,0,air_conditioner
81,/mnt/data/Sound Sets/UrbanSound8K/UrbanSound8K/audio/fold3/13230-0-0-10.wav,0,air_conditioner
82,/mnt/data/Sound Sets/UrbanSound8K/UrbanSound8K/audio/fold3/13230-0-0-11.wav,0,air_conditioner
83,/mnt/data/Sound Sets/UrbanSound8K/UrbanSound8K/audio/fold3/13230-0-0-12.wav,0,air_conditioner
84,/mnt/data/Sound Sets/UrbanSound8K/UrbanSound8K/audio/fold3/13230-0-0-13.wav,0,air_conditioner
85,/mnt/data/Sound Sets/UrbanSound8K/UrbanSound8K/audio/fold3/13230-0-0-14.wav,0,air_conditioner
86,/mnt/data/Sound Sets/UrbanSound8K/UrbanSound8K/audio/fold3/13230-0-0-16.wav,0,air_conditioner
87,/mnt/data/Sound Sets/UrbanSound8K/UrbanSound8K/audio/fold3/13230-0-0-17.wav,0,air_conditioner
88,/mnt/data/Sound Sets/UrbanSound8K/UrbanSound8K/audio/fold3/13230-0-0-18.wav,0,air_conditioner
89,/mnt/data/Sound Sets/UrbanSound8K/UrbanSound8K/audio/fold3/13230-0-0-19.wav,0,air_conditioner
90,/mnt/data/Sound Sets/UrbanSound8K/UrbanSound8K/audio/fold3/13230-0-0-20.wav,0,air_conditioner
91,/mnt/data/Sound Sets/UrbanSound8K/UrbanSound8K/audio/fold3/13230-0-0-22.wav,0,air_conditioner
92,/mnt/data/Sound Sets/UrbanSound8K/UrbanSound8K/audio/fold3/13230-0-0-23.wav,0,air_conditioner
93,/mnt/data/Sound Sets/UrbanSound8K/UrbanSound8K/audio/fold3/13230-0-0-24.wav,0,air_conditioner
94,/mnt/data/Sound Sets/UrbanSound8K/UrbanSound8K/audio/fold3/13230-0-0-25.wav,0,air_conditioner
95,/mnt/data/Sound Sets/UrbanSound8K/UrbanSound8K/audio/fold3/13230-0-0-26.wav,0,air_conditioner
96,/mnt/data/Sound Sets/UrbanSound8K/UrbanSound8K/audio/fold3/13230-0-0-27.wav,0,air_conditioner
97,/mnt/data/Sound Sets/UrbanSound8K/UrbanSound8K/audio/fold3/13230-0-0-28.wav,0,air_conditioner
98,/mnt/data/Sound Sets/UrbanSound8K/UrbanSound8K/audio/fold3/13230-0-0-3.wav,0,air_conditioner
99,/mnt/data/Sound Sets/UrbanSound8K/UrbanSound8K/audio/fold3/13230-0-0-5.wav,0,air_conditioner
100,/mnt/data/Sound Sets/UrbanSound8K/UrbanSound8K/audio/fold3/13230-0-0-6.wav,0,air_conditioner
101,/mnt/data/Sound Sets/UrbanSound8K/UrbanSound8K/audio/fold3/13230-0-0-7.wav,0,air_conditioner
102,/mnt/data/Sound Sets/UrbanSound8K/UrbanSound8K/audio/fold3/13230-0-0-8.wav,0,air_conditioner
103,/mnt/data/Sound Sets/UrbanSound8K/UrbanSound8K/audio/fold3/13230-0-0-9.wav,0,air_conditioner
104,/mnt/data/Sound Sets/UrbanSound8K/UrbanSound8K/audio/fold1/134717-0-0-0.wav,0,air_conditioner
105,/mnt/data/Sound Sets/UrbanSound8K/UrbanSound8K/audio/fold1/134717-0-0-1.wav,0,air_conditioner
106,/mnt/data/Sound Sets/UrbanSound8K/UrbanSound8K/audio/fold1/134717-0-0-12.wav,0,air_conditioner
107,/mnt/data/Sound Sets/UrbanSound8K/UrbanSound8K/audio/fold1/134717-0-0-13.wav,0,air_conditioner
108,/mnt/data/Sound Sets/UrbanSound8K/UrbanSound8K/audio/fold1/134717-0-0-14.wav,0,air_conditioner
109,/mnt/data/Sound Sets/UrbanSound8K/UrbanSound8K/audio/fold1/134717-0-0-15.wav,0,air_conditioner
110,/mnt/data/Sound Sets/UrbanSound8K/UrbanSound8K/audio/fold1/134717-0-0-16.wav,0,air_conditioner
111,/mnt/data/Sound Sets/UrbanSound8K/UrbanSound8K/audio/fold1/134717-0-0-18.wav,0,air_conditioner
112,/mnt/data/Sound Sets/UrbanSound8K/UrbanSound8K/audio/fold1/134717-0-0-19.wav,0,air_conditioner
113,/mnt/data/Sound Sets/UrbanSound8K/UrbanSound8K/audio/fold1/134717-0-0-2.wav,0,air_conditioner
114,/mnt/data/Sound Sets/UrbanSound8K/UrbanSound8K/audio/fold1/134717-0-0-20.wav,0,air_conditioner
115,/mnt/data/Sound Sets/UrbanSound8K/UrbanSound8K/audio/fold1/134717-0-0-21.wav,0,air_conditioner
116,/mnt/data/Sound Sets/UrbanSound8K/UrbanSound8K/audio/fold1/134717-0-0-22.wav,0,air_conditioner
117,/mnt/data/Sound Sets/UrbanSound8K/UrbanSound8K/audio/fold1/134717-0-0-23.wav,0,air_conditioner
118,/mnt/data/Sound Sets/UrbanSound8K/UrbanSound8K/audio/fold1/134717-0-0-24.wav,0,air_conditioner
119,/mnt/data/Sound Sets/UrbanSound8K/UrbanSound8K/audio/fold1/134717-0-0-25.wav,0,air_conditioner
120,/mnt/data/Sound Sets/UrbanSound8K/UrbanSound8K/audio/fold1/134717-0-0-26.wav,0,air_conditioner
121,/mnt/data/Sound Sets/UrbanSound8K/UrbanSound8K/audio/fold1/134717-0-0-27.wav,0,air_conditioner
122,/mnt/data/Sound Sets/UrbanSound8K/UrbanSound8K/audio/fold1/134717-0-0-28.wav,0,air_conditioner
123,/mnt/data/Sound Sets/UrbanSound8K/UrbanSound8K/audio/fold1/134717-0-0-4.wav,0,air_conditioner
124,/mnt/data/Sound Sets/UrbanSound8K/UrbanSound8K/audio/fold1/134717-0-0-5.wav,0,air_conditioner
125,/mnt/data/Sound Sets/UrbanSound8K/UrbanSound8K/audio/fold1/134717-0-0-6.wav,0,air_conditioner
126,/mnt/data/Sound Sets/UrbanSound8K/UrbanSound8K/audio/fold1/134717-0-0-7.wav,0,air_conditioner
127,/mnt/data/Sound Sets/UrbanSound8K/UrbanSound8K/audio/fold1/134717-0-0-8.wav,0,air_conditioner
128,/mnt/data/Sound Sets/UrbanSound8K/UrbanSound8K/audio/fold1/134717-0-0-9.wav,0,air_conditioner
129,/mnt/data/Sound Sets/UrbanSound8K/UrbanSound8K/audio/fold6/143115-1-0-0.wav,1,car_horn
130,/mnt/data/Sound Sets/UrbanSound8K/UrbanSound8K/audio/fold6/143115-1-1-0.wav,1,car_horn
131,/mnt/data/Sound Sets/UrbanSound8K/UrbanSound8K/audio/fold6/143115-1-2-0.wav,1,car_horn
132,/mnt/data/Sound Sets/UrbanSound8K/UrbanSound8K/audio/fold6/143115-1-3-0.wav,1,car_horn
133,/mnt/data/Sound Sets/UrbanSound8K/UrbanSound8K/audio/fold6/143115-1-4-0.wav,1,car_horn
134,/mnt/data/Sound Sets/UrbanSound8K/UrbanSound8K/audio/fold7/14524-1-0-0.wav,1,car_horn
135,/mnt/data/Sound Sets/UrbanSound8K/UrbanSound8K/audio/fold2/145577-1-0-0.wav,1,car_horn
136,/mnt/data/Sound Sets/UrbanSound8K/UrbanSound8K/audio/fold2/146690-0-0-100.wav,0,air_conditioner
137,/mnt/data/Sound Sets/UrbanSound8K/UrbanSound8K/audio/fold2/146690-0-0-112.wav,0,air_conditioner
138,/mnt/data/Sound Sets/UrbanSound8K/UrbanSound8K/audio/fold2/146690-0-0-115.wav,0,air_conditioner
139,/mnt/data/Sound Sets/UrbanSound8K/UrbanSound8K/audio/fold2/146690-0-0-116.wav,0,air_conditioner
140,/mnt/data/Sound Sets/UrbanSound8K/UrbanSound8K/audio/fold2/146690-0-0-117.wav,0,air_conditioner
141,/mnt/data/Sound Sets/UrbanSound8K/UrbanSound8K/audio/fold2/146690-0-0-125.wav,0,air_conditioner
142,/mnt/data/Sound Sets/UrbanSound8K/UrbanSound8K/audio/fold2/146690-0-0-137.wav,0,air_conditioner
143,/mnt/data/Sound Sets/UrbanSound8K/UrbanSound8K/audio/fold2/146690-0-0-140.wav,0,air_conditioner
144,/mnt/data/Sound Sets/UrbanSound8K/UrbanSound8K/audio/fold2/146690-0-0-151.wav,0,air_conditioner
145,/mnt/data/Sound Sets/UrbanSound8K/UrbanSound8K/audio/fold2/146690-0-0-154.wav,0,air_conditioner
146,/mnt/data/Sound Sets/UrbanSound8K/UrbanSound8K/audio/fold2/146690-0-0-155.wav,0,air_conditioner
147,/mnt/data/Sound Sets/UrbanSound8K/UrbanSound8K/audio/fold2/146690-0-0-165.wav,0,air_conditioner
148,/mnt/data/Sound Sets/UrbanSound8K/UrbanSound8K/audio/fold2/146690-0-0-17.wav,0,air_conditioner
149,/mnt/data/Sound Sets/UrbanSound8K/UrbanSound8K/audio/fold2/146690-0-0-18.wav,0,air_conditioner
150,/mnt/data/Sound Sets/UrbanSound8K/UrbanSound8K/audio/fold2/146690-0-0-25.wav,0,air_conditioner
151,/mnt/data/Sound Sets/UrbanSound8K/UrbanSound8K/audio/fold2/146690-0-0-35.wav,0,air_conditioner
152,/mnt/data/Sound Sets/UrbanSound8K/UrbanSound8K/audio/fold2/146690-0-0-38.wav,0,air_conditioner
153,/mnt/data/Sound Sets/UrbanSound8K/UrbanSound8K/audio/fold2/146690-0-0-43.wav,0,air_conditioner
154,/mnt/data/Sound Sets/UrbanSound8K/UrbanSound8K/audio/fold2/146690-0-0-47.wav,0,air_conditioner
155,/mnt/data/Sound Sets/UrbanSound8K/UrbanSound8K/audio/fold2/146690-0-0-64.wav,0,air_conditioner
156,/mnt/data/Sound Sets/UrbanSound8K/UrbanSound8K/audio/fold2/146690-0-0-8.wav,0,air_conditioner
157,/mnt/data/Sound Sets/UrbanSound8K/UrbanSound8K/audio/fold2/146690-0-0-80.wav,0,air_conditioner
158,/mnt/data/Sound Sets/UrbanSound8K/UrbanSound8K/audio/fold2/146690-0-0-86.wav,0,air_conditioner
159,/mnt/data/Sound Sets/UrbanSound8K/UrbanSound8K/audio/fold2/146690-0-0-87.wav,0,air_conditioner
160,/mnt/data/Sound Sets/UrbanSound8K/UrbanSound8K/audio/fold2/146690-0-0-93.wav,0,air_conditioner
161,/mnt/data/Sound Sets/UrbanSound8K/UrbanSound8K/audio/fold4/146709-0-0-1.wav,0,air_conditioner
162,/mnt/data/Sound Sets/UrbanSound8K/UrbanSound8K/audio/fold4/146709-0-0-11.wav,0,air_conditioner
163,/mnt/data/Sound Sets/UrbanSound8K/UrbanSound8K/audio/fold4/146709-0-0-12.wav,0,air_conditioner
164,/mnt/data/Sound Sets/UrbanSound8K/UrbanSound8K/audio/fold4/146709-0-0-17.wav,0,air_conditioner
165,/mnt/data/Sound Sets/UrbanSound8K/UrbanSound8K/audio/fold4/146709-0-0-18.wav,0,air_conditioner
166,/mnt/data/Sound Sets/UrbanSound8K/UrbanSound8K/audio/fold4/146709-0-0-19.wav,0,air_conditioner
167,/mnt/data/Sound Sets/UrbanSound8K/UrbanSound8K/audio/fold4/146709-0-0-20.wav,0,air_conditioner
168,/mnt/data/Sound Sets/UrbanSound8K/UrbanSound8K/audio/fold4/146709-0-0-22.wav,0,air_conditioner
169,/mnt/data/Sound Sets/UrbanSound8K/UrbanSound8K/audio/fold4/146709-0-0-25.wav,0,air_conditioner
170,/mnt/data/Sound Sets/UrbanSound8K/UrbanSound8K/audio/fold4/146709-0-0-26.wav,0,air_conditioner
171,/mnt/data/Sound Sets/UrbanSound8K/UrbanSound8K/audio/fold4/146709-0-0-3.wav,0,air_conditioner
172,/mnt/data/Sound Sets/UrbanSound8K/UrbanSound8K/audio/fold4/146709-0-0-30.wav,0,air_conditioner
173,/mnt/data/Sound Sets/UrbanSound8K/UrbanSound8K/audio/fold4/146709-0-0-33.wav,0,air_conditioner
174,/mnt/data/Sound Sets/UrbanSound8K/UrbanSound8K/audio/fold4/146709-0-0-34.wav,0,air_conditioner
175,/mnt/data/Sound Sets/UrbanSound8K/UrbanSound8K/audio/fold4/146709-0-0-37.wav,0,air_conditioner
176,/mnt/data/Sound Sets/UrbanSound8K/UrbanSound8K/audio/fold4/146709-0-0-44.wav,0,air_conditioner
177,/mnt/data/Sound Sets/UrbanSound8K/UrbanSound8K/audio/fold4/146709-0-0-48.wav,0,air_conditioner
178,/mnt/data/Sound Sets/UrbanSound8K/UrbanSound8K/audio/fold4/146709-0-0-53.wav,0,air_conditioner
179,/mnt/data/Sound Sets/UrbanSound8K/UrbanSound8K/audio/fold4/146709-0-0-59.wav,0,air_conditioner
180,/mnt/data/Sound Sets/UrbanSound8K/UrbanSound8K/audio/fold4/146709-0-0-63.wav,0,air_conditioner
181,/mnt/data/Sound Sets/UrbanSound8K/UrbanSound8K/audio/fold4/146709-0-0-65.wav,0,air_conditioner
182,/mnt/data/Sound Sets/UrbanSound8K/UrbanSound8K/audio/fold4/146709-0-0-66.wav,0,air_conditioner
183,/mnt/data/Sound Sets/UrbanSound8K/UrbanSound8K/audio/fold4/146709-0-0-68.wav,0,air_conditioner
184,/mnt/data/Sound Sets/UrbanSound8K/UrbanSound8K/audio/fold4/146709-0-0-7.wav,0,air_conditioner
185,/mnt/data/Sound Sets/UrbanSound8K/UrbanSound8K/audio/fold3/146714-0-0-0.wav,0,air_conditioner
186,/mnt/data/Sound Sets/UrbanSound8K/UrbanSound8K/audio/fold3/146714-0-0-12.wav,0,air_conditioner
187,/mnt/data/Sound Sets/UrbanSound8K/UrbanSound8K/audio/fold3/146714-0-0-13.wav,0,air_conditioner
188,/mnt/data/Sound Sets/UrbanSound8K/UrbanSound8K/audio/fold3/146714-0-0-17.wav,0,air_conditioner
189,/mnt/data/Sound Sets/UrbanSound8K/UrbanSound8K/audio/fold3/146714-0-0-18.wav,0,air_conditioner
190,/mnt/data/Sound Sets/UrbanSound8K/UrbanSound8K/audio/fold3/146714-0-0-2.wav,0,air_conditioner
191,/mnt/data/Sound Sets/UrbanSound8K/UrbanSound8K/audio/fold3/146714-0-0-21.wav,0,air_conditioner
192,/mnt/data/Sound Sets/UrbanSound8K/UrbanSound8K/audio/fold3/146714-0-0-22.wav,0,air_conditioner
193,/mnt/data/Sound Sets/UrbanSound8K/UrbanSound8K/audio/fold3/146714-0-0-27.wav,0,air_conditioner
194,/mnt/data/Sound Sets/UrbanSound8K/UrbanSound8K/audio/fold3/146714-0-0-33.wav,0,air_conditioner
195,/mnt/data/Sound Sets/UrbanSound8K/UrbanSound8K/audio/fold3/146714-0-0-35.wav,0,air_conditioner
196,/mnt/data/Sound Sets/UrbanSound8K/UrbanSound8K/audio/fold3/146714-0-0-36.wav,0,air_conditioner
197,/mnt/data/Sound Sets/UrbanSound8K/UrbanSound8K/audio/fold3/146714-0-0-38.wav,0,air_conditioner
198,/mnt/data/Sound Sets/UrbanSound8K/UrbanSound8K/audio/fold3/146714-0-0-41.wav,0,air_conditioner
199,/mnt/data/Sound Sets/UrbanSound8K/UrbanSound8K/audio/fold3/146714-0-0-43.wav,0,air_conditioner
200,/mnt/data/Sound Sets/UrbanSound8K/UrbanSound8K/audio/fold3/146714-0-0-45.wav,0,air_conditioner
201,/mnt/data/Sound Sets/UrbanSound8K/UrbanSound8K/audio/fold3/146714-0-0-47.wav,0,air_conditioner
202,/mnt/data/Sound Sets/UrbanSound8K/UrbanSound8K/audio/fold3/146714-0-0-49.wav,0,air_conditioner
203,/mnt/data/Sound Sets/UrbanSound8K/UrbanSound8K/audio/fold3/146714-0-0-50.wav,0,air_conditioner
204,/mnt/data/Sound Sets/UrbanSound8K/UrbanSound8K/audio/fold3/146714-0-0-53.wav,0,air_conditioner
205,/mnt/data/Sound Sets/UrbanSound8K/UrbanSound8K/audio/fold3/146714-0-0-55.wav,0,air_conditioner
206,/mnt/data/Sound Sets/UrbanSound8K/UrbanSound8K/audio/fold3/146714-0-0-56.wav,0,air_conditioner
207,/mnt/data/Sound Sets/UrbanSound8K/UrbanSound8K/audio/fold3/146714-0-0-58.wav,0,air_conditioner
208,/mnt/data/Sound Sets/UrbanSound8K/UrbanSound8K/audio/fold3/146714-0-0-6.wav,0,air_conditioner
209,/mnt/data/Sound Sets/UrbanSound8K/UrbanSound8K/audio/fold7/146845-0-0-0.wav,0,air_conditioner
210,/mnt/data/Sound Sets/UrbanSound8K/UrbanSound8K/audio/fold7/146845-0-0-1.wav,0,air_conditioner
211,/mnt/data/Sound Sets/UrbanSound8K/UrbanSound8K/audio/fold7/146845-0-0-10.wav,0,air_conditioner
212,/mnt/data/Sound Sets/UrbanSound8K/UrbanSound8K/audio/fold7/146845-0-0-11.wav,0,air_conditioner
213,/mnt/data/Sound Sets/UrbanSound8K/UrbanSound8K/audio/fold7/146845-0-0-12.wav,0,air_conditioner
214,/mnt/data/Sound Sets/UrbanSound8K/UrbanSound8K/audio/fold7/146845-0-0-13.wav,0,air_conditioner
215,/mnt/data/Sound Sets/UrbanSound8K/UrbanSound8K/audio/fold7/146845-0-0-14.wav,0,air_conditioner
216,/mnt/data/Sound Sets/UrbanSound8K/UrbanSound8K/audio/fold7/146845-0-0-15.wav,0,air_conditioner
217,/mnt/data/Sound Sets/UrbanSound8K/UrbanSound8K/audio/fold7/146845-0-0-16.wav,0,air_conditioner
218,/mnt/data/Sound Sets/UrbanSound8K/UrbanSound8K/audio/fold7/146845-0-0-17.wav,0,air_conditioner
219,/mnt/data/Sound Sets/UrbanSound8K/UrbanSound8K/audio/fold7/146845-0-0-18.wav,0,air_conditioner
220,/mnt/data/Sound Sets/UrbanSound8K/UrbanSound8K/audio/fold7/146845-0-0-19.wav,0,air_conditioner
221,/mnt/data/Sound Sets/UrbanSound8K/UrbanSound8K/audio/fold7/146845-0-0-2.wav,0,air_conditioner
222,/mnt/data/Sound Sets/UrbanSound8K/UrbanSound8K/audio/fold7/146845-0-0-20.wav,0,air_conditioner
223,/mnt/data/Sound Sets/UrbanSound8K/UrbanSound8K/audio/fold7/146845-0-0-21.wav,0,air_conditioner
224,/mnt/data/Sound Sets/UrbanSound8K/UrbanSound8K/audio/fold7/146845-0-0-22.wav,0,air_conditioner
225,/mnt/data/Sound Sets/UrbanSound8K/UrbanSound8K/audio/fold7/146845-0-0-24.wav,0,air_conditioner
226,/mnt/data/Sound Sets/UrbanSound8K/UrbanSound8K/audio/fold7/146845-0-0-25.wav,0,air_conditioner
227,/mnt/data/Sound Sets/UrbanSound8K/UrbanSound8K/audio/fold7/146845-0-0-26.wav,0,air_conditioner
228,/mnt/data/Sound Sets/UrbanSound8K/UrbanSound8K/audio/fold7/146845-0-0-27.wav,0,air_conditioner
229,/mnt/data/Sound Sets/UrbanSound8K/UrbanSound8K/audio/fold7/146845-0-0-3.wav,0,air_conditioner
230,/mnt/data/Sound Sets/UrbanSound8K/UrbanSound8K/audio/fold7/146845-0-0-30.wav,0,air_conditioner
231,/mnt/data/Sound Sets/UrbanSound8K/UrbanSound8K/audio/fold7/146845-0-0-31.wav,0,air_conditioner
232,/mnt/data/Sound Sets/UrbanSound8K/UrbanSound8K/audio/fold7/146845-0-0-32.wav,0,air_conditioner
233,/mnt/data/Sound Sets/UrbanSound8K/UrbanSound8K/audio/fold7/146845-0-0-33.wav,0,air_conditioner
234,/mnt/data/Sound Sets/UrbanSound8K/UrbanSound8K/audio/fold7/146845-0-0-35.wav,0,air_conditioner
235,/mnt/data/Sound Sets/UrbanSound8K/UrbanSound8K/audio/fold7/146845-0-0-36.wav,0,air_conditioner
236,/mnt/data/Sound Sets/UrbanSound8K/UrbanSound8K/audio/fold7/146845-0-0-5.wav,0,air_conditioner
237,/mnt/data/Sound Sets/UrbanSound8K/UrbanSound8K/audio/fold7/146845-0-0-6.wav,0,air_conditioner
238,/mnt/data/Sound Sets/UrbanSound8K/UrbanSound8K/audio/fold7/146845-0-0-7.wav,0,air_conditioner
239,/mnt/data/Sound Sets/UrbanSound8K/UrbanSound8K/audio/fold7/146845-0-0-8.wav,0,air_conditioner
240,/mnt/data/Sound Sets/UrbanSound8K/UrbanSound8K/audio/fold7/146845-0-0-9.wav,0,air_conditioner
241,/mnt/data/Sound Sets/UrbanSound8K/UrbanSound8K/audio/fold2/147926-0-0-10.wav,0,air_conditioner
242,/mnt/data/Sound Sets/UrbanSound8K/UrbanSound8K/audio/fold2/147926-0-0-11.wav,0,air_conditioner
243,/mnt/data/Sound Sets/UrbanSound8K/UrbanSound8K/audio/fold2/147926-0-0-12.wav,0,air_conditioner
244,/mnt/data/Sound Sets/UrbanSound8K/UrbanSound8K/audio/fold2/147926-0-0-16.wav,0,air_conditioner
245,/mnt/data/Sound Sets/UrbanSound8K/UrbanSound8K/audio/fold2/147926-0-0-17.wav,0,air_conditioner
246,/mnt/data/Sound Sets/UrbanSound8K/UrbanSound8K/audio/fold2/147926-0-0-2.wav,0,air_conditioner
247,/mnt/data/Sound Sets/UrbanSound8K/UrbanSound8K/audio/fold2/147926-0-0-20.wav,0,air_conditioner
248,/mnt/data/Sound Sets/UrbanSound8K/UrbanSound8K/audio/fold2/147926-0-0-21.wav,0,air_conditioner
249,/mnt/data/Sound Sets/UrbanSound8K/UrbanSound8K/audio/fold2/147926-0-0-27.wav,0,air_conditioner
250,/mnt/data/Sound Sets/UrbanSound8K/UrbanSound8K/audio/fold2/147926-0-0-28.wav,0,air_conditioner
251,/mnt/data/Sound Sets/UrbanSound8K/UrbanSound8K/audio/fold2/147926-0-0-34.wav,0,air_conditioner
252,/mnt/data/Sound Sets/UrbanSound8K/UrbanSound8K/audio/fold2/147926-0-0-35.wav,0,air_conditioner
253,/mnt/data/Sound Sets/UrbanSound8K/UrbanSound8K/audio/fold2/147926-0-0-36.wav,0,air_conditioner
254,/mnt/data/Sound Sets/UrbanSound8K/UrbanSound8K/audio/fold2/147926-0-0-37.wav,0,air_conditioner
255,/mnt/data/Sound Sets/UrbanSound8K/UrbanSound8K/audio/fold2/147926-0-0-39.wav,0,air_conditioner
256,/mnt/data/Sound Sets/UrbanSound8K/UrbanSound8K/audio/fold2/147926-0-0-4.wav,0,air_conditioner
257,/mnt/data/Sound Sets/UrbanSound8K/UrbanSound8K/audio/fold2/147926-0-0-41.wav,0,air_conditioner
258,/mnt/data/Sound Sets/UrbanSound8K/UrbanSound8K/audio/fold2/147926-0-0-42.wav,0,air_conditioner
259,/mnt/data/Sound Sets/UrbanSound8K/UrbanSound8K/audio/fold2/147926-0-0-44.wav,0,air_conditioner
260,/mnt/data/Sound Sets/UrbanSound8K/UrbanSound8K/audio/fold2/147926-0-0-5.wav,0,air_conditioner
261,/mnt/data/Sound Sets/UrbanSound8K/UrbanSound8K/audio/fold2/147926-0-0-50.wav,0,air_conditioner
262,/mnt/data/Sound Sets/UrbanSound8K/UrbanSound8K/audio/fold2/147926-0-0-52.wav,0,air_conditioner
263,/mnt/data/Sound Sets/UrbanSound8K/UrbanSound8K/audio/fold2/147926-0-0-54.wav,0,air_conditioner
264,/mnt/data/Sound Sets/UrbanSound8K/UrbanSound8K/audio/fold2/147926-0-0-7.wav,0,air_conditioner
265,/mnt/data/Sound Sets/UrbanSound8K/UrbanSound8K/audio/fold3/151359-1-0-0.wav,1,car_horn
266,/mnt/data/Sound Sets/UrbanSound8K/UrbanSound8K/audio/fold3/151359-1-1-0.wav,1,car_horn
267,/mnt/data/Sound Sets/UrbanSound8K/UrbanSound8K/audio/fold3/151359-1-2-0.wav,1,car_horn
268,/mnt/data/Sound Sets/UrbanSound8K/UrbanSound8K/audio/fold3/151359-1-3-0.wav,1,car_horn
269,/mnt/data/Sound Sets/UrbanSound8K/UrbanSound8K/audio/fold1/151977-0-0-0.wav,0,air_conditioner
270,/mnt/data/Sound Sets/UrbanSound8K/UrbanSound8K/audio/fold1/151977-0-0-1.wav,0,air_conditioner
271,/mnt/data/Sound Sets/UrbanSound8K/UrbanSound8K/audio/fold1/151977-0-0-10.wav,0,air_conditioner
272,/mnt/data/Sound Sets/UrbanSound8K/UrbanSound8K/audio/fold1/151977-0-0-11.wav,0,air_conditioner
273,/mnt/data/Sound Sets/UrbanSound8K/UrbanSound8K/audio/fold1/151977-0-0-12.wav,0,air_conditioner
274,/mnt/data/Sound Sets/UrbanSound8K/UrbanSound8K/audio/fold1/151977-0-0-13.wav,0,air_conditioner
275,/mnt/data/Sound Sets/UrbanSound8K/UrbanSound8K/audio/fold1/151977-0-0-2.wav,0,air_conditioner
276,/mnt/data/Sound Sets/UrbanSound8K/UrbanSound8K/audio/fold1/151977-0-0-3.wav,0,air_conditioner
277,/mnt/data/Sound Sets/UrbanSound8K/UrbanSound8K/audio/fold1/151977-0-0-4.wav,0,air_conditioner
278,/mnt/data/Sound Sets/UrbanSound8K/UrbanSound8K/audio/fold1/151977-0-0-5.wav,0,air_conditioner
279,/mnt/data/Sound Sets/UrbanSound8K/UrbanSound8K/audio/fold1/151977-0-0-6.wav,0,air_conditioner
280,/mnt/data/Sound Sets/UrbanSound8K/UrbanSound8K/audio/fold1/151977-0-0-7.wav,0,air_conditioner
281,/mnt/data/Sound Sets/UrbanSound8K/UrbanSound8K/audio/fold1/151977-0-0-8.wav,0,air_conditioner
282,/mnt/data/Sound Sets/UrbanSound8K/UrbanSound8K/audio/fold1/151977-0-0-9.wav,0,air_conditioner
283,/mnt/data/Sound Sets/UrbanSound8K/UrbanSound8K/audio/fold7/153057-1-0-0.wav,1,car_horn
284,/mnt/data/Sound Sets/UrbanSound8K/UrbanSound8K/audio/fold3/153261-0-0-0.wav,0,air_conditioner
285,/mnt/data/Sound Sets/UrbanSound8K/UrbanSound8K/audio/fold3/153261-0-0-1.wav,0,air_conditioner
286,/mnt/data/Sound Sets/UrbanSound8K/UrbanSound8K/audio/fold3/153261-0-0-2.wav,0,air_conditioner
287,/mnt/data/Sound Sets/UrbanSound8K/UrbanSound8K/audio/fold3/153261-0-0-3.wav,0,air_conditioner
288,/mnt/data/Sound Sets/UrbanSound8K/UrbanSound8K/audio/fold2/155129-1-0-0.wav,1,car_horn
289,/mnt/data/Sound Sets/UrbanSound8K/UrbanSound8K/audio/fold2/155129-1-1-0.wav,1,car_horn
290,/mnt/data/Sound Sets/UrbanSound8K/UrbanSound8K/audio/fold2/155129-1-2-0.wav,1,car_horn
291,/mnt/data/Sound Sets/UrbanSound8K/UrbanSound8K/audio/fold2/155234-1-0-0.wav,1,car_horn
292,/mnt/data/Sound Sets/UrbanSound8K/UrbanSound8K/audio/fold7/156091-1-0-0.wav,1,car_horn
293,/mnt/data/Sound Sets/UrbanSound8K/UrbanSound8K/audio/fold1/156194-1-0-0.wav,1,car_horn
294,/mnt/data/Sound Sets/UrbanSound8K/UrbanSound8K/audio/fold3/159761-0-0-0.wav,0,air_conditioner
295,/mnt/data/Sound Sets/UrbanSound8K/UrbanSound8K/audio/fold3/159761-0-0-1.wav,0,air_conditioner
296,/mnt/data/Sound Sets/UrbanSound8K/UrbanSound8K/audio/fold3/159761-0-0-2.wav,0,air_conditioner
297,/mnt/data/Sound Sets/UrbanSound8K/UrbanSound8K/audio/fold3/159761-0-0-3.wav,0,air_conditioner
298,/mnt/data/Sound Sets/UrbanSound8K/UrbanSound8K/audio/fold3/159761-0-0-4.wav,0,air_conditioner
299,/mnt/data/Sound Sets/UrbanSound8K/UrbanSound8K/audio/fold3/159761-0-0-5.wav,0,air_conditioner
300,/mnt/data/Sound Sets/UrbanSound8K/UrbanSound8K/audio/fold3/159761-0-0-6.wav,0,air_conditioner
301,/mnt/data/Sound Sets/UrbanSound8K/UrbanSound8K/audio/fold3/159761-0-0-7.wav,0,air_conditioner
302,/mnt/data/Sound Sets/UrbanSound8K/UrbanSound8K/audio/fold3/159761-0-0-8.wav,0,air_conditioner
303,/mnt/data/Sound Sets/UrbanSound8K/UrbanSound8K/audio/fold4/161010-1-0-0.wav,1,car_horn
304,/mnt/data/Sound Sets/UrbanSound8K/UrbanSound8K/audio/fold4/161010-1-1-0.wav,1,car_horn
305,/mnt/data/Sound Sets/UrbanSound8K/UrbanSound8K/audio/fold4/161010-1-2-0.wav,1,car_horn
306,/mnt/data/Sound Sets/UrbanSound8K/UrbanSound8K/audio/fold4/161010-1-3-0.wav,1,car_horn
307,/mnt/data/Sound Sets/UrbanSound8K/UrbanSound8K/audio/fold1/162540-1-0-0.wav,1,car_horn
308,/mnt/data/Sound Sets/UrbanSound8K/UrbanSound8K/audio/fold1/162540-1-1-0.wav,1,car_horn
309,/mnt/data/Sound Sets/UrbanSound8K/UrbanSound8K/audio/fold1/162540-1-2-0.wav,1,car_horn
310,/mnt/data/Sound Sets/UrbanSound8K/UrbanSound8K/audio/fold2/162541-1-0-0.wav,1,car_horn
311,/mnt/data/Sound Sets/UrbanSound8K/UrbanSound8K/audio/fold2/162541-1-1-0.wav,1,car_horn
312,/mnt/data/Sound Sets/UrbanSound8K/UrbanSound8K/audio/fold2/162541-1-2-0.wav,1,car_horn
313,/mnt/data/Sound Sets/UrbanSound8K/UrbanSound8K/audio/fold6/162702-1-0-0.wav,1,car_horn
314,/mnt/data/Sound Sets/UrbanSound8K/UrbanSound8K/audio/fold6/162702-1-1-0.wav,1,car_horn
315,/mnt/data/Sound Sets/UrbanSound8K/UrbanSound8K/audio/fold1/162703-1-0-0.wav,1,car_horn
316,/mnt/data/Sound Sets/UrbanSound8K/UrbanSound8K/audio/fold7/162728-1-0-0.wav,1,car_horn
317,/mnt/data/Sound Sets/UrbanSound8K/UrbanSound8K/audio/fold7/164627-1-0-0.wav,1,car_horn
318,/mnt/data/Sound Sets/UrbanSound8K/UrbanSound8K/audio/fold4/166942-0-0-0.wav,0,air_conditioner
319,/mnt/data/Sound Sets/UrbanSound8K/UrbanSound8K/audio/fold4/166942-0-0-1.wav,0,air_conditioner
320,/mnt/data/Sound Sets/UrbanSound8K/UrbanSound8K/audio/fold4/166942-0-0-10.wav,0,air_conditioner
321,/mnt/data/Sound Sets/UrbanSound8K/UrbanSound8K/audio/fold4/166942-0-0-11.wav,0,air_conditioner
322,/mnt/data/Sound Sets/UrbanSound8K/UrbanSound8K/audio/fold4/166942-0-0-12.wav,0,air_conditioner
323,/mnt/data/Sound Sets/UrbanSound8K/UrbanSound8K/audio/fold4/166942-0-0-13.wav,0,air_conditioner
324,/mnt/data/Sound Sets/UrbanSound8K/UrbanSound8K/audio/fold4/166942-0-0-14.wav,0,air_conditioner
325,/mnt/data/Sound Sets/UrbanSound8K/UrbanSound8K/audio/fold4/166942-0-0-15.wav,0,air_conditioner
326,/mnt/data/Sound Sets/UrbanSound8K/UrbanSound8K/audio/fold4/166942-0-0-2.wav,0,air_conditioner
327,/mnt/data/Sound Sets/UrbanSound8K/UrbanSound8K/audio/fold4/166942-0-0-3.wav,0,air_conditioner
328,/mnt/data/Sound Sets/UrbanSound8K/UrbanSound8K/audio/fold4/166942-0-0-4.wav,0,air_conditioner
329,/mnt/data/Sound Sets/UrbanSound8K/UrbanSound8K/audio/fold4/166942-0-0-5.wav,0,air_conditioner
330,/mnt/data/Sound Sets/UrbanSound8K/UrbanSound8K/audio/fold4/166942-0-0-6.wav,0,air_conditioner
331,/mnt/data/Sound Sets/UrbanSound8K/UrbanSound8K/audio/fold4/166942-0-0-7.wav,0,air_conditioner
332,/mnt/data/Sound Sets/UrbanSound8K/UrbanSound8K/audio/fold4/166942-0-0-8.wav,0,air_conditioner
333,/mnt/data/Sound Sets/UrbanSound8K/UrbanSound8K/audio/fold4/166942-0-0-9.wav,0,air_conditioner
334,/mnt/data/Sound Sets/UrbanSound8K/UrbanSound8K/audio/fold7/170243-1-0-0.wav,1,car_horn
335,/mnt/data/Sound Sets/UrbanSound8K/UrbanSound8K/audio/fold5/170245-0-0-0.wav,0,air_conditioner
336,/mnt/data/Sound Sets/UrbanSound8K/UrbanSound8K/audio/fold4/171249-1-0-0.wav,1,car_horn
337,/mnt/data/Sound Sets/UrbanSound8K/UrbanSound8K/audio/fold4/171249-1-1-0.wav,1,car_horn
338,/mnt/data/Sound Sets/UrbanSound8K/UrbanSound8K/audio/fold4/171249-1-2-0.wav,1,car_horn
339,/mnt/data/Sound Sets/UrbanSound8K/UrbanSound8K/audio/fold2/17307-1-0-0.wav,1,car_horn
340,/mnt/data/Sound Sets/UrbanSound8K/UrbanSound8K/audio/fold3/174840-1-0-0.wav,1,car_horn
341,/mnt/data/Sound Sets/UrbanSound8K/UrbanSound8K/audio/fold4/174841-1-0-0.wav,1,car_horn
342,/mnt/data/Sound Sets/UrbanSound8K/UrbanSound8K/audio/fold2/175844-1-0-0.wav,1,car_horn
343,/mnt/data/Sound Sets/UrbanSound8K/UrbanSound8K/audio/fold1/175845-1-0-0.wav,1,car_horn
344,/mnt/data/Sound Sets/UrbanSound8K/UrbanSound8K/audio/fold4/175846-1-0-0.wav,1,car_horn
345,/mnt/data/Sound Sets/UrbanSound8K/UrbanSound8K/audio/fold3/175847-1-0-0.wav,1,car_horn
346,/mnt/data/Sound Sets/UrbanSound8K/UrbanSound8K/audio/fold6/175848-1-0-0.wav,1,car_horn
347,/mnt/data/Sound Sets/UrbanSound8K/UrbanSound8K/audio/fold5/175849-1-0-0.wav,1,car_horn
348,/mnt/data/Sound Sets/UrbanSound8K/UrbanSound8K/audio/fold1/175851-1-0-0.wav,1,car_horn
349,/mnt/data/Sound Sets/UrbanSound8K/UrbanSound8K/audio/fold3/175854-1-0-0.wav,1,car_horn
350,/mnt/data/Sound Sets/UrbanSound8K/UrbanSound8K/audio/fold4/175855-1-0-0.wav,1,car_horn
351,/mnt/data/Sound Sets/UrbanSound8K/UrbanSound8K/audio/fold4/176003-1-0-0.wav,1,car_horn
352,/mnt/data/Sound Sets/UrbanSound8K/UrbanSound8K/audio/fold3/176631-1-0-0.wav,1,car_horn
353,/mnt/data/Sound Sets/UrbanSound8K/UrbanSound8K/audio/fold2/176634-1-0-0.wav,1,car_horn
354,/mnt/data/Sound Sets/UrbanSound8K/UrbanSound8K/audio/fold1/176638-1-0-0.wav,1,car_horn
355,/mnt/data/Sound Sets/UrbanSound8K/UrbanSound8K/audio/fold1/176638-1-1-0.wav,1,car_horn
356,/mnt/data/Sound Sets/UrbanSound8K/UrbanSound8K/audio/fold1/177621-0-0-0.wav,0,air_conditioner
357,/mnt/data/Sound Sets/UrbanSound8K/UrbanSound8K/audio/fold1/177621-0-0-100.wav,0,air_conditioner
358,/mnt/data/Sound Sets/UrbanSound8K/UrbanSound8K/audio/fold1/177621-0-0-104.wav,0,air_conditioner
359,/mnt/data/Sound Sets/UrbanSound8K/UrbanSound8K/audio/fold1/177621-0-0-105.wav,0,air_conditioner
360,/mnt/data/Sound Sets/UrbanSound8K/UrbanSound8K/audio/fold1/177621-0-0-109.wav,0,air_conditioner
361,/mnt/data/Sound Sets/UrbanSound8K/UrbanSound8K/audio/fold1/177621-0-0-117.wav,0,air_conditioner
362,/mnt/data/Sound Sets/UrbanSound8K/UrbanSound8K/audio/fold1/177621-0-0-120.wav,0,air_conditioner
363,/mnt/data/Sound Sets/UrbanSound8K/UrbanSound8K/audio/fold1/177621-0-0-126.wav,0,air_conditioner
364,/mnt/data/Sound Sets/UrbanSound8K/UrbanSound8K/audio/fold1/177621-0-0-127.wav,0,air_conditioner
365,/mnt/data/Sound Sets/UrbanSound8K/UrbanSound8K/audio/fold1/177621-0-0-128.wav,0,air_conditioner
366,/mnt/data/Sound Sets/UrbanSound8K/UrbanSound8K/audio/fold1/177621-0-0-145.wav,0,air_conditioner
367,/mnt/data/Sound Sets/UrbanSound8K/UrbanSound8K/audio/fold1/177621-0-0-147.wav,0,air_conditioner
368,/mnt/data/Sound Sets/UrbanSound8K/UrbanSound8K/audio/fold1/177621-0-0-2.wav,0,air_conditioner
369,/mnt/data/Sound Sets/UrbanSound8K/UrbanSound8K/audio/fold1/177621-0-0-27.wav,0,air_conditioner
370,/mnt/data/Sound Sets/UrbanSound8K/UrbanSound8K/audio/fold1/177621-0-0-31.wav,0,air_conditioner
371,/mnt/data/Sound Sets/UrbanSound8K/UrbanSound8K/audio/fold1/177621-0-0-35.wav,0,air_conditioner
372,/mnt/data/Sound Sets/UrbanSound8K/UrbanSound8K/audio/fold1/177621-0-0-46.wav,0,air_conditioner
373,/mnt/data/Sound Sets/UrbanSound8K/UrbanSound8K/audio/fold1/177621-0-0-47.wav,0,air_conditioner
374,/mnt/data/Sound Sets/UrbanSound8K/UrbanSound8K/audio/fold1/177621-0-0-48.wav,0,air_conditioner
375,/mnt/data/Sound Sets/UrbanSound8K/UrbanSound8K/audio/fold1/177621-0-0-54.wav,0,air_conditioner
376,/mnt/data/Sound Sets/UrbanSound8K/UrbanSound8K/audio/fold1/177621-0-0-57.wav,0,air_conditioner
377,/mnt/data/Sound Sets/UrbanSound8K/UrbanSound8K/audio/fold1/177621-0-0-80.wav,0,air_conditioner
378,/mnt/data/Sound Sets/UrbanSound8K/UrbanSound8K/audio/fold1/177621-0-0-88.wav,0,air_conditioner
379,/mnt/data/Sound Sets/UrbanSound8K/UrbanSound8K/audio/fold1/177621-0-0-91.wav,0,air_conditioner
380,/mnt/data/Sound Sets/UrbanSound8K/UrbanSound8K/audio/fold1/177621-0-0-93.wav,0,air_conditioner
381,/mnt/data/Sound Sets/UrbanSound8K/UrbanSound8K/audio/fold7/177729-0-0-1.wav,0,air_conditioner
382,/mnt/data/Sound Sets/UrbanSound8K/UrbanSound8K/audio/fold7/177729-0-0-106.wav,0,air_conditioner
383,/mnt/data/Sound Sets/UrbanSound8K/UrbanSound8K/audio/fold7/177729-0-0-108.wav,0,air_conditioner
384,/mnt/data/Sound Sets/UrbanSound8K/UrbanSound8K/audio/fold7/177729-0-0-111.wav,0,air_conditioner
385,/mnt/data/Sound Sets/UrbanSound8K/UrbanSound8K/audio/fold7/177729-0-0-120.wav,0,air_conditioner
386,/mnt/data/Sound Sets/UrbanSound8K/UrbanSound8K/audio/fold7/177729-0-0-128.wav,0,air_conditioner
387,/mnt/data/Sound Sets/UrbanSound8K/UrbanSound8K/audio/fold7/177729-0-0-20.wav,0,air_conditioner
388,/mnt/data/Sound Sets/UrbanSound8K/UrbanSound8K/audio/fold7/177729-0-0-22.wav,0,air_conditioner
389,/mnt/data/Sound Sets/UrbanSound8K/UrbanSound8K/audio/fold7/177729-0-0-27.wav,0,air_conditioner
390,/mnt/data/Sound Sets/UrbanSound8K/UrbanSound8K/audio/fold7/177729-0-0-28.wav,0,air_conditioner
391,/mnt/data/Sound Sets/UrbanSound8K/UrbanSound8K/audio/fold7/177729-0-0-3.wav,0,air_conditioner
392,/mnt/data/Sound Sets/UrbanSound8K/UrbanSound8K/audio/fold7/177729-0-0-38.wav,0,air_conditioner
393,/mnt/data/Sound Sets/UrbanSound8K/UrbanSound8K/audio/fold7/177729-0-0-40.wav,0,air_conditioner
394,/mnt/data/Sound Sets/UrbanSound8K/UrbanSound8K/audio/fold7/177729-0-0-42.wav,0,air_conditioner
395,/mnt/data/Sound Sets/UrbanSound8K/UrbanSound8K/audio/fold7/177729-0-0-50.wav,0,air_conditioner
396,/mnt/data/Sound Sets/UrbanSound8K/UrbanSound8K/audio/fold7/177729-0-0-51.wav,0,air_conditioner
397,/mnt/data/Sound Sets/UrbanSound8K/UrbanSound8K/audio/fold7/177729-0-0-53.wav,0,air_conditioner
398,/mnt/data/Sound Sets/UrbanSound8K/UrbanSound8K/audio/fold7/177729-0-0-58.wav,0,air_conditioner
399,/mnt/data/Sound Sets/UrbanSound8K/UrbanSound8K/audio/fold7/177729-0-0-63.wav,0,air_conditioner
400,/mnt/data/Sound Sets/UrbanSound8K/UrbanSound8K/audio/fold7/177729-0-0-67.wav,0,air_conditioner
401,/mnt/data/Sound Sets/UrbanSound8K/UrbanSound8K/audio/fold7/177729-0-0-68.wav,0,air_conditioner
402,/mnt/data/Sound Sets/UrbanSound8K/UrbanSound8K/audio/fold7/177729-0-0-69.wav,0,air_conditioner
403,/mnt/data/Sound Sets/UrbanSound8K/UrbanSound8K/audio/fold7/177729-0-0-73.wav,0,air_conditioner
404,/mnt/data/Sound Sets/UrbanSound8K/UrbanSound8K/audio/fold7/177729-0-0-74.wav,0,air_conditioner
405,/mnt/data/Sound Sets/UrbanSound8K/UrbanSound8K/audio/fold7/177729-0-0-80.wav,0,air_conditioner
406,/mnt/data/Sound Sets/UrbanSound8K/UrbanSound8K/audio/fold7/177729-0-0-82.wav,0,air_conditioner
407,/mnt/data/Sound Sets/UrbanSound8K/UrbanSound8K/audio/fold7/177729-0-0-83.wav,0,air_conditioner
408,/mnt/data/Sound Sets/UrbanSound8K/UrbanSound8K/audio/fold7/177729-0-0-89.wav,0,air_conditioner
409,/mnt/data/Sound Sets/UrbanSound8K/UrbanSound8K/audio/fold7/177729-0-0-91.wav,0,air_conditioner
410,/mnt/data/Sound Sets/UrbanSound8K/UrbanSound8K/audio/fold7/177729-0-0-97.wav,0,air_conditioner
411,/mnt/data/Sound Sets/UrbanSound8K/UrbanSound8K/audio/fold7/177729-0-0-98.wav,0,air_conditioner
412,/mnt/data/Sound Sets/UrbanSound8K/UrbanSound8K/audio/fold3/177742-0-0-10.wav,0,air_conditioner
413,/mnt/data/Sound Sets/UrbanSound8K/UrbanSound8K/audio/fold3/177742-0-0-102.wav,0,air_conditioner
414,/mnt/data/Sound Sets/UrbanSound8K/UrbanSound8K/audio/fold3/177742-0-0-111.wav,0,air_conditioner
415,/mnt/data/Sound Sets/UrbanSound8K/UrbanSound8K/audio/fold3/177742-0-0-149.wav,0,air_conditioner
416,/mnt/data/Sound Sets/UrbanSound8K/UrbanSound8K/audio/fold3/177742-0-0-161.wav,0,air_conditioner
417,/mnt/data/Sound Sets/UrbanSound8K/UrbanSound8K/audio/fold3/177742-0-0-164.wav,0,air_conditioner
418,/mnt/data/Sound Sets/UrbanSound8K/UrbanSound8K/audio/fold3/177742-0-0-165.wav,0,air_conditioner
419,/mnt/data/Sound Sets/UrbanSound8K/UrbanSound8K/audio/fold3/177742-0-0-17.wav,0,air_conditioner
420,/mnt/data/Sound Sets/UrbanSound8K/UrbanSound8K/audio/fold3/177742-0-0-178.wav,0,air_conditioner
421,/mnt/data/Sound Sets/UrbanSound8K/UrbanSound8K/audio/fold3/177742-0-0-196.wav,0,air_conditioner
422,/mnt/data/Sound Sets/UrbanSound8K/UrbanSound8K/audio/fold3/177742-0-0-202.wav,0,air_conditioner
423,/mnt/data/Sound Sets/UrbanSound8K/UrbanSound8K/audio/fold3/177742-0-0-203.wav,0,air_conditioner
424,/mnt/data/Sound Sets/UrbanSound8K/UrbanSound8K/audio/fold3/177742-0-0-204.wav,0,air_conditioner
425,/mnt/data/Sound Sets/UrbanSound8K/UrbanSound8K/audio/fold3/177742-0-0-205.wav,0,air_conditioner
426,/mnt/data/Sound Sets/UrbanSound8K/UrbanSound8K/audio/fold3/177742-0-0-211.wav,0,air_conditioner
427,/mnt/data/Sound Sets/UrbanSound8K/UrbanSound8K/audio/fold3/177742-0-0-214.wav,0,air_conditioner
428,/mnt/data/Sound Sets/UrbanSound8K/UrbanSound8K/audio/fold3/177742-0-0-3.wav,0,air_conditioner
429,/mnt/data/Sound Sets/UrbanSound8K/UrbanSound8K/audio/fold3/177742-0-0-36.wav,0,air_conditioner
430,/mnt/data/Sound Sets/UrbanSound8K/UrbanSound8K/audio/fold3/177742-0-0-49.wav,0,air_conditioner
431,/mnt/data/Sound Sets/UrbanSound8K/UrbanSound8K/audio/fold3/177742-0-0-58.wav,0,air_conditioner
432,/mnt/data/Sound Sets/UrbanSound8K/UrbanSound8K/audio/fold3/177742-0-0-67.wav,0,air_conditioner
433,/mnt/data/Sound Sets/UrbanSound8K/UrbanSound8K/audio/fold3/177742-0-0-73.wav,0,air_conditioner
434,/mnt/data/Sound Sets/UrbanSound8K/UrbanSound8K/audio/fold3/177742-0-0-84.wav,0,air_conditioner
435,/mnt/data/Sound Sets/UrbanSound8K/UrbanSound8K/audio/fold3/177742-0-0-99.wav,0,air_conditioner
436,/mnt/data/Sound Sets/UrbanSound8K/UrbanSound8K/audio/fold7/178115-1-0-0.wav,1,car_horn
437,/mnt/data/Sound Sets/UrbanSound8K/UrbanSound8K/audio/fold5/178686-0-0-1.wav,0,air_conditioner
438,/mnt/data/Sound Sets/UrbanSound8K/UrbanSound8K/audio/fold5/178686-0-0-11.wav,0,air_conditioner
439,/mnt/data/Sound Sets/UrbanSound8K/UrbanSound8K/audio/fold5/178686-0-0-12.wav,0,air_conditioner
440,/mnt/data/Sound Sets/UrbanSound8K/UrbanSound8K/audio/fold5/178686-0-0-14.wav,0,air_conditioner
441,/mnt/data/Sound Sets/UrbanSound8K/UrbanSound8K/audio/fold5/178686-0-0-15.wav,0,air_conditioner
442,/mnt/data/Sound Sets/UrbanSound8K/UrbanSound8K/audio/fold5/178686-0-0-16.wav,0,air_conditioner
443,/mnt/data/Sound Sets/UrbanSound8K/UrbanSound8K/audio/fold5/178686-0-0-17.wav,0,air_conditioner
444,/mnt/data/Sound Sets/UrbanSound8K/UrbanSound8K/audio/fold5/178686-0-0-18.wav,0,air_conditioner
445,/mnt/data/Sound Sets/UrbanSound8K/UrbanSound8K/audio/fold5/178686-0-0-19.wav,0,air_conditioner
446,/mnt/data/Sound Sets/UrbanSound8K/UrbanSound8K/audio/fold5/178686-0-0-2.wav,0,air_conditioner
447,/mnt/data/Sound Sets/UrbanSound8K/UrbanSound8K/audio/fold5/178686-0-0-21.wav,0,air_conditioner
448,/mnt/data/Sound Sets/UrbanSound8K/UrbanSound8K/audio/fold5/178686-0-0-23.wav,0,air_conditioner
449,/mnt/data/Sound Sets/UrbanSound8K/UrbanSound8K/audio/fold5/178686-0-0-3.wav,0,air_conditioner
450,/mnt/data/Sound Sets/UrbanSound8K/UrbanSound8K/audio/fold5/178686-0-0-31.wav,0,air_conditioner
451,/mnt/data/Sound Sets/UrbanSound8K/UrbanSound8K/audio/fold5/178686-0-0-33.wav,0,air_conditioner
452,/mnt/data/Sound Sets/UrbanSound8K/UrbanSound8K/audio/fold5/178686-0-0-34.wav,0,air_conditioner
453,/mnt/data/Sound Sets/UrbanSound8K/UrbanSound8K/audio/fold5/178686-0-0-38.wav,0,air_conditioner
454,/mnt/data/Sound Sets/UrbanSound8K/UrbanSound8K/audio/fold5/178686-0-0-39.wav,0,air_conditioner
455,/mnt/data/Sound Sets/UrbanSound8K/UrbanSound8K/audio/fold5/178686-0-0-42.wav,0,air_conditioner
456,/mnt/data/Sound Sets/UrbanSound8K/UrbanSound8K/audio/fold5/178686-0-0-43.wav,0,air_conditioner
457,/mnt/data/Sound Sets/UrbanSound8K/UrbanSound8K/audio/fold5/178686-0-0-44.wav,0,air_conditioner
458,/mnt/data/Sound Sets/UrbanSound8K/UrbanSound8K/audio/fold5/178686-0-0-45.wav,0,air_conditioner
459,/mnt/data/Sound Sets/UrbanSound8K/UrbanSound8K/audio/fold5/178686-0-0-46.wav,0,air_conditioner
460,/mnt/data/Sound Sets/UrbanSound8K/UrbanSound8K/audio/fold5/178686-0-0-53.wav,0,air_conditioner
461,/mnt/data/Sound Sets/UrbanSound8K/UrbanSound8K/audio/fold5/178686-0-0-55.wav,0,air_conditioner
462,/mnt/data/Sound Sets/UrbanSound8K/UrbanSound8K/audio/fold5/178686-0-0-57.wav,0,air_conditioner
463,/mnt/data/Sound Sets/UrbanSound8K/UrbanSound8K/audio/fold5/178686-0-0-6.wav,0,air_conditioner
464,/mnt/data/Sound Sets/UrbanSound8K/UrbanSound8K/audio/fold5/178686-0-0-60.wav,0,air_conditioner
465,/mnt/data/Sound Sets/UrbanSound8K/UrbanSound8K/audio/fold5/178686-0-0-63.wav,0,air_conditioner
466,/mnt/data/Sound Sets/UrbanSound8K/UrbanSound8K/audio/fold5/178686-0-0-64.wav,0,air_conditioner
467,/mnt/data/Sound Sets/UrbanSound8K/UrbanSound8K/audio/fold5/178686-0-0-65.wav,0,air_conditioner
468,/mnt/data/Sound Sets/UrbanSound8K/UrbanSound8K/audio/fold5/178686-0-0-66.wav,0,air_conditioner
469,/mnt/data/Sound Sets/UrbanSound8K/UrbanSound8K/audio/fold5/178686-0-0-67.wav,0,air_conditioner
470,/mnt/data/Sound Sets/UrbanSound8K/UrbanSound8K/audio/fold5/178686-0-0-68.wav,0,air_conditioner
471,/mnt/data/Sound Sets/UrbanSound8K/UrbanSound8K/audio/fold5/178686-0-0-7.wav,0,air_conditioner
472,/mnt/data/Sound Sets/UrbanSound8K/UrbanSound8K/audio/fold5/178686-0-0-72.wav,0,air_conditioner
473,/mnt/data/Sound Sets/UrbanSound8K/UrbanSound8K/audio/fold5/178686-0-0-8.wav,0,air_conditioner
474,/mnt/data/Sound Sets/UrbanSound8K/UrbanSound8K/audio/fold5/178686-0-0-9.wav,0,air_conditioner
475,/mnt/data/Sound Sets/UrbanSound8K/UrbanSound8K/audio/fold1/179858-1-0-0.wav,1,car_horn
476,/mnt/data/Sound Sets/UrbanSound8K/UrbanSound8K/audio/fold6/179860-1-0-0.wav,1,car_horn
477,/mnt/data/Sound Sets/UrbanSound8K/UrbanSound8K/audio/fold5/179861-1-0-0.wav,1,car_horn
478,/mnt/data/Sound Sets/UrbanSound8K/UrbanSound8K/audio/fold4/179862-1-0-0.wav,1,car_horn
479,/mnt/data/Sound Sets/UrbanSound8K/UrbanSound8K/audio/fold3/179863-1-0-0.wav,1,car_horn
480,/mnt/data/Sound Sets/UrbanSound8K/UrbanSound8K/audio/fold2/179864-1-0-0.wav,1,car_horn
481,/mnt/data/Sound Sets/UrbanSound8K/UrbanSound8K/audio/fold3/179865-1-0-0.wav,1,car_horn
482,/mnt/data/Sound Sets/UrbanSound8K/UrbanSound8K/audio/fold2/179866-1-0-0.wav,1,car_horn
483,/mnt/data/Sound Sets/UrbanSound8K/UrbanSound8K/audio/fold2/179866-1-1-0.wav,1,car_horn
484,/mnt/data/Sound Sets/UrbanSound8K/UrbanSound8K/audio/fold1/179867-1-0-0.wav,1,car_horn
485,/mnt/data/Sound Sets/UrbanSound8K/UrbanSound8K/audio/fold6/182474-1-0-0.wav,1,car_horn
486,/mnt/data/Sound Sets/UrbanSound8K/UrbanSound8K/audio/fold7/183894-1-5-0.wav,1,car_horn
487,/mnt/data/Sound Sets/UrbanSound8K/UrbanSound8K/audio/fold7/183894-1-6-0.wav,1,car_horn
488,/mnt/data/Sound Sets/UrbanSound8K/UrbanSound8K/audio/fold7/183894-1-7-0.wav,1,car_horn
489,/mnt/data/Sound Sets/UrbanSound8K/UrbanSound8K/audio/fold7/183894-1-8-0.wav,1,car_horn
490,/mnt/data/Sound Sets/UrbanSound8K/UrbanSound8K/audio/fold7/183894-1-9-0.wav,1,car_horn
491,/mnt/data/Sound Sets/UrbanSound8K/UrbanSound8K/audio/fold1/184355-1-0-0.wav,1,car_horn
492,/mnt/data/Sound Sets/UrbanSound8K/UrbanSound8K/audio/fold6/184805-0-0-101.wav,0,air_conditioner
493,/mnt/data/Sound Sets/UrbanSound8K/UrbanSound8K/audio/fold6/184805-0-0-103.wav,0,air_conditioner
494,/mnt/data/Sound Sets/UrbanSound8K/UrbanSound8K/audio/fold6/184805-0-0-104.wav,0,air_conditioner
495,/mnt/data/Sound Sets/UrbanSound8K/UrbanSound8K/audio/fold6/184805-0-0-112.wav,0,air_conditioner
496,/mnt/data/Sound Sets/UrbanSound8K/UrbanSound8K/audio/fold6/184805-0-0-121.wav,0,air_conditioner
497,/mnt/data/Sound Sets/UrbanSound8K/UrbanSound8K/audio/fold6/184805-0-0-13.wav,0,air_conditioner
498,/mnt/data/Sound Sets/UrbanSound8K/UrbanSound8K/audio/fold6/184805-0-0-16.wav,0,air_conditioner
499,/mnt/data/Sound Sets/UrbanSound8K/UrbanSound8K/audio/fold6/184805-0-0-2.wav,0,air_conditioner
500,/mnt/data/Sound Sets/UrbanSound8K/UrbanSound8K/audio/fold6/184805-0-0-27.wav,0,air_conditioner
501,/mnt/data/Sound Sets/UrbanSound8K/UrbanSound8K/audio/fold6/184805-0-0-32.wav,0,air_conditioner
502,/mnt/data/Sound Sets/UrbanSound8K/UrbanSound8K/audio/fold6/184805-0-0-34.wav,0,air_conditioner
503,/mnt/data/Sound Sets/UrbanSound8K/UrbanSound8K/audio/fold6/184805-0-0-4.wav,0,air_conditioner
504,/mnt/data/Sound Sets/UrbanSound8K/UrbanSound8K/audio/fold6/184805-0-0-40.wav,0,air_conditioner
505,/mnt/data/Sound Sets/UrbanSound8K/UrbanSound8K/audio/fold6/184805-0-0-45.wav,0,air_conditioner
506,/mnt/data/Sound Sets/UrbanSound8K/UrbanSound8K/audio/fold6/184805-0-0-47.wav,0,air_conditioner
507,/mnt/data/Sound Sets/UrbanSound8K/UrbanSound8K/audio/fold6/184805-0-0-48.wav,0,air_conditioner
508,/mnt/data/Sound Sets/UrbanSound8K/UrbanSound8K/audio/fold6/184805-0-0-49.wav,0,air_conditioner
509,/mnt/data/Sound Sets/UrbanSound8K/UrbanSound8K/audio/fold6/184805-0-0-5.wav,0,air_conditioner
510,/mnt/data/Sound Sets/UrbanSound8K/UrbanSound8K/audio/fold6/184805-0-0-51.wav,0,air_conditioner
511,/mnt/data/Sound Sets/UrbanSound8K/UrbanSound8K/audio/fold6/184805-0-0-54.wav,0,air_conditioner
512,/mnt/data/Sound Sets/UrbanSound8K/UrbanSound8K/audio/fold6/184805-0-0-57.wav,0,air_conditioner
513,/mnt/data/Sound Sets/UrbanSound8K/UrbanSound8K/audio/fold6/184805-0-0-58.wav,0,air_conditioner
514,/mnt/data/Sound Sets/UrbanSound8K/UrbanSound8K/audio/fold6/184805-0-0-61.wav,0,air_conditioner
515,/mnt/data/Sound Sets/UrbanSound8K/UrbanSound8K/audio/fold6/184805-0-0-63.wav,0,air_conditioner
516,/mnt/data/Sound Sets/UrbanSound8K/UrbanSound8K/audio/fold6/184805-0-0-64.wav,0,air_conditioner
517,/mnt/data/Sound Sets/UrbanSound8K/UrbanSound8K/audio/fold6/184805-0-0-74.wav,0,air_conditioner
518,/mnt/data/Sound Sets/UrbanSound8K/UrbanSound8K/audio/fold6/184805-0-0-75.wav,0,air_conditioner
519,/mnt/data/Sound Sets/UrbanSound8K/UrbanSound8K/audio/fold6/184805-0-0-77.wav,0,air_conditioner
520,/mnt/data/Sound Sets/UrbanSound8K/UrbanSound8K/audio/fold6/184805-0-0-81.wav,0,air_conditioner
521,/mnt/data/Sound Sets/UrbanSound8K/UrbanSound8K/audio/fold6/184805-0-0-82.wav,0,air_conditioner
522,/mnt/data/Sound Sets/UrbanSound8K/UrbanSound8K/audio/fold6/184805-0-0-88.wav,0,air_conditioner
523,/mnt/data/Sound Sets/UrbanSound8K/UrbanSound8K/audio/fold6/184805-0-0-90.wav,0,air_conditioner
524,/mnt/data/Sound Sets/UrbanSound8K/UrbanSound8K/audio/fold6/184805-0-0-99.wav,0,air_conditioner
525,/mnt/data/Sound Sets/UrbanSound8K/UrbanSound8K/audio/fold5/185436-1-0-0.wav,1,car_horn
526,/mnt/data/Sound Sets/UrbanSound8K/UrbanSound8K/audio/fold5/185436-1-1-0.wav,1,car_horn
527,/mnt/data/Sound Sets/UrbanSound8K/UrbanSound8K/audio/fold5/185436-1-2-0.wav,1,car_horn
528,/mnt/data/Sound Sets/UrbanSound8K/UrbanSound8K/audio/fold5/185436-1-3-0.wav,1,car_horn
529,/mnt/data/Sound Sets/UrbanSound8K/UrbanSound8K/audio/fold5/185436-1-4-0.wav,1,car_horn
530,/mnt/data/Sound Sets/UrbanSound8K/UrbanSound8K/audio/fold5/185436-1-5-0.wav,1,car_horn
531,/mnt/data/Sound Sets/UrbanSound8K/UrbanSound8K/audio/fold5/185436-1-6-0.wav,1,car_horn
532,/mnt/data/Sound Sets/UrbanSound8K/UrbanSound8K/audio/fold5/185436-1-7-0.wav,1,car_horn
533,/mnt/data/Sound Sets/UrbanSound8K/UrbanSound8K/audio/fold4/185709-0-0-0.wav,0,air_conditioner
534,/mnt/data/Sound Sets/UrbanSound8K/UrbanSound8K/audio/fold4/185709-0-0-1.wav,0,air_conditioner
535,/mnt/data/Sound Sets/UrbanSound8K/UrbanSound8K/audio/fold4/185709-0-0-2.wav,0,air_conditioner
536,/mnt/data/Sound Sets/UrbanSound8K/UrbanSound8K/audio/fold4/185709-0-0-3.wav,0,air_conditioner
537,/mnt/data/Sound Sets/UrbanSound8K/UrbanSound8K/audio/fold4/185709-0-0-4.wav,0,air_conditioner
538,/mnt/data/Sound Sets/UrbanSound8K/UrbanSound8K/audio/fold4/185709-0-0-5.wav,0,air_conditioner
539,/mnt/data/Sound Sets/UrbanSound8K/UrbanSound8K/audio/fold4/185709-0-0-6.wav,0,air_conditioner
540,/mnt/data/Sound Sets/UrbanSound8K/UrbanSound8K/audio/fold4/185709-0-0-7.wav,0,air_conditioner
541,/mnt/data/Sound Sets/UrbanSound8K/UrbanSound8K/audio/fold4/185709-0-0-8.wav,0,air_conditioner
542,/mnt/data/Sound Sets/UrbanSound8K/UrbanSound8K/audio/fold3/18594-1-0-0.wav,1,car_horn
543,/mnt/data/Sound Sets/UrbanSound8K/UrbanSound8K/audio/fold3/18594-1-1-0.wav,1,car_horn
544,/mnt/data/Sound Sets/UrbanSound8K/UrbanSound8K/audio/fold3/18594-1-2-0.wav,1,car_horn
545,/mnt/data/Sound Sets/UrbanSound8K/UrbanSound8K/audio/fold3/18594-1-3-0.wav,1,car_horn
546,/mnt/data/Sound Sets/UrbanSound8K/UrbanSound8K/audio/fold3/18594-1-4-0.wav,1,car_horn
547,/mnt/data/Sound Sets/UrbanSound8K/UrbanSound8K/audio/fold3/18594-1-5-0.wav,1,car_horn
548,/mnt/data/Sound Sets/UrbanSound8K/UrbanSound8K/audio/fold3/18594-1-6-0.wav,1,car_horn
549,/mnt/data/Sound Sets/UrbanSound8K/UrbanSound8K/audio/fold4/187356-1-0-0.wav,1,car_horn
550,/mnt/data/Sound Sets/UrbanSound8K/UrbanSound8K/audio/fold4/187356-1-1-0.wav,1,car_horn
551,/mnt/data/Sound Sets/UrbanSound8K/UrbanSound8K/audio/fold4/187356-1-2-0.wav,1,car_horn
552,/mnt/data/Sound Sets/UrbanSound8K/UrbanSound8K/audio/fold4/187356-1-3-0.wav,1,car_horn
553,/mnt/data/Sound Sets/UrbanSound8K/UrbanSound8K/audio/fold4/187356-1-4-0.wav,1,car_horn
554,/mnt/data/Sound Sets/UrbanSound8K/UrbanSound8K/audio/fold4/187356-1-5-0.wav,1,car_horn
555,/mnt/data/Sound Sets/UrbanSound8K/UrbanSound8K/audio/fold4/187356-1-6-0.wav,1,car_horn
556,/mnt/data/Sound Sets/UrbanSound8K/UrbanSound8K/audio/fold2/189023-0-0-0.wav,0,air_conditioner
557,/mnt/data/Sound Sets/UrbanSound8K/UrbanSound8K/audio/fold2/189023-0-0-1.wav,0,air_conditioner
558,/mnt/data/Sound Sets/UrbanSound8K/UrbanSound8K/audio/fold2/189023-0-0-10.wav,0,air_conditioner
559,/mnt/data/Sound Sets/UrbanSound8K/UrbanSound8K/audio/fold2/189023-0-0-11.wav,0,air_conditioner
560,/mnt/data/Sound Sets/UrbanSound8K/UrbanSound8K/audio/fold2/189023-0-0-12.wav,0,air_conditioner
561,/mnt/data/Sound Sets/UrbanSound8K/UrbanSound8K/audio/fold2/189023-0-0-13.wav,0,air_conditioner
562,/mnt/data/Sound Sets/UrbanSound8K/UrbanSound8K/audio/fold2/189023-0-0-2.wav,0,air_conditioner
563,/mnt/data/Sound Sets/UrbanSound8K/UrbanSound8K/audio/fold2/189023-0-0-3.wav,0,air_conditioner
564,/mnt/data/Sound Sets/UrbanSound8K/UrbanSound8K/audio/fold2/189023-0-0-4.wav,0,air_conditioner
565,/mnt/data/Sound Sets/UrbanSound8K/UrbanSound8K/audio/fold2/189023-0-0-5.wav,0,air_conditioner
566,/mnt/data/Sound Sets/UrbanSound8K/UrbanSound8K/audio/fold2/189023-0-0-6.wav,0,air_conditioner
567,/mnt/data/Sound Sets/UrbanSound8K/UrbanSound8K/audio/fold2/189023-0-0-7.wav,0,air_conditioner
568,/mnt/data/Sound Sets/UrbanSound8K/UrbanSound8K/audio/fold2/189023-0-0-8.wav,0,air_conditioner
569,/mnt/data/Sound Sets/UrbanSound8K/UrbanSound8K/audio/fold2/189023-0-0-9.wav,0,air_conditioner
570,/mnt/data/Sound Sets/UrbanSound8K/UrbanSound8K/audio/fold6/18933-1-0-0.wav,1,car_horn
571,/mnt/data/Sound Sets/UrbanSound8K/UrbanSound8K/audio/fold7/189981-0-0-0.wav,0,air_conditioner
572,/mnt/data/Sound Sets/UrbanSound8K/UrbanSound8K/audio/fold7/189981-0-0-1.wav,0,air_conditioner
573,/mnt/data/Sound Sets/UrbanSound8K/UrbanSound8K/audio/fold7/189981-0-0-10.wav,0,air_conditioner
574,/mnt/data/Sound Sets/UrbanSound8K/UrbanSound8K/audio/fold7/189981-0-0-11.wav,0,air_conditioner
575,/mnt/data/Sound Sets/UrbanSound8K/UrbanSound8K/audio/fold7/189981-0-0-12.wav,0,air_conditioner
576,/mnt/data/Sound Sets/UrbanSound8K/UrbanSound8K/audio/fold7/189981-0-0-13.wav,0,air_conditioner
577,/mnt/data/Sound Sets/UrbanSound8K/UrbanSound8K/audio/fold7/189981-0-0-14.wav,0,air_conditioner
578,/mnt/data/Sound Sets/UrbanSound8K/UrbanSound8K/audio/fold7/189981-0-0-15.wav,0,air_conditioner
579,/mnt/data/Sound Sets/UrbanSound8K/UrbanSound8K/audio/fold7/189981-0-0-16.wav,0,air_conditioner
580,/mnt/data/Sound Sets/UrbanSound8K/UrbanSound8K/audio/fold7/189981-0-0-17.wav,0,air_conditioner
581,/mnt/data/Sound Sets/UrbanSound8K/UrbanSound8K/audio/fold7/189981-0-0-2.wav,0,air_conditioner
582,/mnt/data/Sound Sets/UrbanSound8K/UrbanSound8K/audio/fold7/189981-0-0-3.wav,0,air_conditioner
583,/mnt/data/Sound Sets/UrbanSound8K/UrbanSound8K/audio/fold7/189981-0-0-4.wav,0,air_conditioner
584,/mnt/data/Sound Sets/UrbanSound8K/UrbanSound8K/audio/fold7/189981-0-0-5.wav,0,air_conditioner
585,/mnt/data/Sound Sets/UrbanSound8K/UrbanSound8K/audio/fold7/189981-0-0-6.wav,0,air_conditioner
586,/mnt/data/Sound Sets/UrbanSound8K/UrbanSound8K/audio/fold7/189981-0-0-7.wav,0,air_conditioner
587,/mnt/data/Sound Sets/UrbanSound8K/UrbanSound8K/audio/fold7/189981-0-0-8.wav,0,air_conditioner
588,/mnt/data/Sound Sets/UrbanSound8K/UrbanSound8K/audio/fold7/189981-0-0-9.wav,0,air_conditioner
589,/mnt/data/Sound Sets/UrbanSound8K/UrbanSound8K/audio/fold6/189986-0-0-0.wav,0,air_conditioner
590,/mnt/data/Sound Sets/UrbanSound8K/UrbanSound8K/audio/fold7/189987-0-0-0.wav,0,air_conditioner
591,/mnt/data/Sound Sets/UrbanSound8K/UrbanSound8K/audio/fold7/189987-0-0-1.wav,0,air_conditioner
592,/mnt/data/Sound Sets/UrbanSound8K/UrbanSound8K/audio/fold7/189987-0-0-2.wav,0,air_conditioner
593,/mnt/data/Sound Sets/UrbanSound8K/UrbanSound8K/audio/fold7/189987-0-0-3.wav,0,air_conditioner
594,/mnt/data/Sound Sets/UrbanSound8K/UrbanSound8K/audio/fold7/189987-0-0-4.wav,0,air_conditioner
595,/mnt/data/Sound Sets/UrbanSound8K/UrbanSound8K/audio/fold2/189991-0-0-0.wav,0,air_conditioner
596,/mnt/data/Sound Sets/UrbanSound8K/UrbanSound8K/audio/fold2/189991-0-0-1.wav,0,air_conditioner
597,/mnt/data/Sound Sets/UrbanSound8K/UrbanSound8K/audio/fold2/189991-0-0-2.wav,0,air_conditioner
598,/mnt/data/Sound Sets/UrbanSound8K/UrbanSound8K/audio/fold2/189991-0-0-3.wav,0,air_conditioner
599,/mnt/data/Sound Sets/UrbanSound8K/UrbanSound8K/audio/fold2/189991-0-0-4.wav,0,air_conditioner
600,/mnt/data/Sound Sets/UrbanSound8K/UrbanSound8K/audio/fold2/189991-0-0-5.wav,0,air_conditioner
601,/mnt/data/Sound Sets/UrbanSound8K/UrbanSound8K/audio/fold2/189991-0-0-6.wav,0,air_conditioner
602,/mnt/data/Sound Sets/UrbanSound8K/UrbanSound8K/audio/fold2/189991-0-0-7.wav,0,air_conditioner
603,/mnt/data/Sound Sets/UrbanSound8K/UrbanSound8K/audio/fold1/19026-1-0-0.wav,1,car_horn
604,/mnt/data/Sound Sets/UrbanSound8K/UrbanSound8K/audio/fold4/195969-0-0-1.wav,0,air_conditioner
605,/mnt/data/Sound Sets/UrbanSound8K/UrbanSound8K/audio/fold4/195969-0-0-10.wav,0,air_conditioner
606,/mnt/data/Sound Sets/UrbanSound8K/UrbanSound8K/audio/fold4/195969-0-0-12.wav,0,air_conditioner
607,/mnt/data/Sound Sets/UrbanSound8K/UrbanSound8K/audio/fold4/195969-0-0-13.wav,0,air_conditioner
608,/mnt/data/Sound Sets/UrbanSound8K/UrbanSound8K/audio/fold4/195969-0-0-14.wav,0,air_conditioner
609,/mnt/data/Sound Sets/UrbanSound8K/UrbanSound8K/audio/fold4/195969-0-0-15.wav,0,air_conditioner
610,/mnt/data/Sound Sets/UrbanSound8K/UrbanSound8K/audio/fold4/195969-0-0-17.wav,0,air_conditioner
611,/mnt/data/Sound Sets/UrbanSound8K/UrbanSound8K/audio/fold4/195969-0-0-18.wav,0,air_conditioner
612,/mnt/data/Sound Sets/UrbanSound8K/UrbanSound8K/audio/fold4/195969-0-0-19.wav,0,air_conditioner
613,/mnt/data/Sound Sets/UrbanSound8K/UrbanSound8K/audio/fold4/195969-0-0-2.wav,0,air_conditioner
614,/mnt/data/Sound Sets/UrbanSound8K/UrbanSound8K/audio/fold4/195969-0-0-20.wav,0,air_conditioner
615,/mnt/data/Sound Sets/UrbanSound8K/UrbanSound8K/audio/fold4/195969-0-0-21.wav,0,air_conditioner
616,/mnt/data/Sound Sets/UrbanSound8K/UrbanSound8K/audio/fold4/195969-0-0-22.wav,0,air_conditioner
617,/mnt/data/Sound Sets/UrbanSound8K/UrbanSound8K/audio/fold4/195969-0-0-24.wav,0,air_conditioner
618,/mnt/data/Sound Sets/UrbanSound8K/UrbanSound8K/audio/fold4/195969-0-0-25.wav,0,air_conditioner
619,/mnt/data/Sound Sets/UrbanSound8K/UrbanSound8K/audio/fold4/195969-0-0-26.wav,0,air_conditioner
620,/mnt/data/Sound Sets/UrbanSound8K/UrbanSound8K/audio/fold4/195969-0-0-28.wav,0,air_conditioner
621,/mnt/data/Sound Sets/UrbanSound8K/UrbanSound8K/audio/fold4/195969-0-0-4.wav,0,air_conditioner
622,/mnt/data/Sound Sets/UrbanSound8K/UrbanSound8K/audio/fold4/195969-0-0-5.wav,0,air_conditioner
623,/mnt/data/Sound Sets/UrbanSound8K/UrbanSound8K/audio/fold4/195969-0-0-6.wav,0,air_conditioner
624,/mnt/data/Sound Sets/UrbanSound8K/UrbanSound8K/audio/fold4/195969-0-0-7.wav,0,air_conditioner
625,/mnt/data/Sound Sets/UrbanSound8K/UrbanSound8K/audio/fold4/195969-0-0-8.wav,0,air_conditioner
626,/mnt/data/Sound Sets/UrbanSound8K/UrbanSound8K/audio/fold4/195969-0-0-9.wav,0,air_conditioner
627,/mnt/data/Sound Sets/UrbanSound8K/UrbanSound8K/audio/fold3/199769-1-0-0.wav,1,car_horn
628,/mnt/data/Sound Sets/UrbanSound8K/UrbanSound8K/audio/fold3/199769-1-0-1.wav,1,car_horn
629,/mnt/data/Sound Sets/UrbanSound8K/UrbanSound8K/audio/fold3/199769-1-0-10.wav,1,car_horn
630,/mnt/data/Sound Sets/UrbanSound8K/UrbanSound8K/audio/fold3/199769-1-0-11.wav,1,car_horn
631,/mnt/data/Sound Sets/UrbanSound8K/UrbanSound8K/audio/fold3/199769-1-0-12.wav,1,car_horn
632,/mnt/data/Sound Sets/UrbanSound8K/UrbanSound8K/audio/fold3/199769-1-0-13.wav,1,car_horn
633,/mnt/data/Sound Sets/UrbanSound8K/UrbanSound8K/audio/fold3/199769-1-0-14.wav,1,car_horn
634,/mnt/data/Sound Sets/UrbanSound8K/UrbanSound8K/audio/fold3/199769-1-0-15.wav,1,car_horn
635,/mnt/data/Sound Sets/UrbanSound8K/UrbanSound8K/audio/fold3/199769-1-0-16.wav,1,car_horn
636,/mnt/data/Sound Sets/UrbanSound8K/UrbanSound8K/audio/fold3/199769-1-0-17.wav,1,car_horn
637,/mnt/data/Sound Sets/UrbanSound8K/UrbanSound8K/audio/fold3/199769-1-0-18.wav,1,car_horn
638,/mnt/data/Sound Sets/UrbanSound8K/UrbanSound8K/audio/fold3/199769-1-0-2.wav,1,car_horn
639,/mnt/data/Sound Sets/UrbanSound8K/UrbanSound8K/audio/fold3/199769-1-0-3.wav,1,car_horn
640,/mnt/data/Sound Sets/UrbanSound8K/UrbanSound8K/audio/fold3/199769-1-0-4.wav,1,car_horn
641,/mnt/data/Sound Sets/UrbanSound8K/UrbanSound8K/audio/fold3/199769-1-0-5.wav,1,car_horn
642,/mnt/data/Sound Sets/UrbanSound8K/UrbanSound8K/audio/fold3/199769-1-0-6.wav,1,car_horn
643,/mnt/data/Sound Sets/UrbanSound8K/UrbanSound8K/audio/fold3/199769-1-0-7.wav,1,car_horn
644,/mnt/data/Sound Sets/UrbanSound8K/UrbanSound8K/audio/fold3/199769-1-0-8.wav,1,car_horn
645,/mnt/data/Sound Sets/UrbanSound8K/UrbanSound8K/audio/fold3/199769-1-0-9.wav,1,car_horn
646,/mnt/data/Sound Sets/UrbanSound8K/UrbanSound8K/audio/fold7/202516-0-0-0.wav,0,air_conditioner
647,/mnt/data/Sound Sets/UrbanSound8K/UrbanSound8K/audio/fold7/202516-0-0-1.wav,0,air_conditioner
648,/mnt/data/Sound Sets/UrbanSound8K/UrbanSound8K/audio/fold7/202516-0-0-10.wav,0,air_conditioner
649,/mnt/data/Sound Sets/UrbanSound8K/UrbanSound8K/audio/fold7/202516-0-0-11.wav,0,air_conditioner
650,/mnt/data/Sound Sets/UrbanSound8K/UrbanSound8K/audio/fold7/202516-0-0-2.wav,0,air_conditioner
651,/mnt/data/Sound Sets/UrbanSound8K/UrbanSound8K/audio/fold7/202516-0-0-3.wav,0,air_conditioner
652,/mnt/data/Sound Sets/UrbanSound8K/UrbanSound8K/audio/fold7/202516-0-0-4.wav,0,air_conditioner
653,/mnt/data/Sound Sets/UrbanSound8K/UrbanSound8K/audio/fold7/202516-0-0-5.wav,0,air_conditioner
654,/mnt/data/Sound Sets/UrbanSound8K/UrbanSound8K/audio/fold7/202516-0-0-6.wav,0,air_conditioner
655,/mnt/data/Sound Sets/UrbanSound8K/UrbanSound8K/audio/fold7/202516-0-0-7.wav,0,air_conditioner
656,/mnt/data/Sound Sets/UrbanSound8K/UrbanSound8K/audio/fold7/202516-0-0-8.wav,0,air_conditioner
657,/mnt/data/Sound Sets/UrbanSound8K/UrbanSound8K/audio/fold7/202516-0-0-9.wav,0,air_conditioner
658,/mnt/data/Sound Sets/UrbanSound8K/UrbanSound8K/audio/fold4/202517-0-0-0.wav,0,air_conditioner
659,/mnt/data/Sound Sets/UrbanSound8K/UrbanSound8K/audio/fold4/203956-1-0-0.wav,1,car_horn
660,/mnt/data/Sound Sets/UrbanSound8K/UrbanSound8K/audio/fold6/204240-0-0-0.wav,0,air_conditioner
661,/mnt/data/Sound Sets/UrbanSound8K/UrbanSound8K/audio/fold6/204240-0-0-1.wav,0,air_conditioner
662,/mnt/data/Sound Sets/UrbanSound8K/UrbanSound8K/audio/fold6/204240-0-0-10.wav,0,air_conditioner
663,/mnt/data/Sound Sets/UrbanSound8K/UrbanSound8K/audio/fold6/204240-0-0-11.wav,0,air_conditioner
664,/mnt/data/Sound Sets/UrbanSound8K/UrbanSound8K/audio/fold6/204240-0-0-12.wav,0,air_conditioner
665,/mnt/data/Sound Sets/UrbanSound8K/UrbanSound8K/audio/fold6/204240-0-0-13.wav,0,air_conditioner
666,/mnt/data/Sound Sets/UrbanSound8K/UrbanSound8K/audio/fold6/204240-0-0-14.wav,0,air_conditioner
667,/mnt/data/Sound Sets/UrbanSound8K/UrbanSound8K/audio/fold6/204240-0-0-15.wav,0,air_conditioner
668,/mnt/data/Sound Sets/UrbanSound8K/UrbanSound8K/audio/fold6/204240-0-0-16.wav,0,air_conditioner
669,/mnt/data/Sound Sets/UrbanSound8K/UrbanSound8K/audio/fold6/204240-0-0-17.wav,0,air_conditioner
670,/mnt/data/Sound Sets/UrbanSound8K/UrbanSound8K/audio/fold6/204240-0-0-18.wav,0,air_conditioner
671,/mnt/data/Sound Sets/UrbanSound8K/UrbanSound8K/audio/fold6/204240-0-0-19.wav,0,air_conditioner
672,/mnt/data/Sound Sets/UrbanSound8K/UrbanSound8K/audio/fold6/204240-0-0-2.wav,0,air_conditioner
673,/mnt/data/Sound Sets/UrbanSound8K/UrbanSound8K/audio/fold6/204240-0-0-20.wav,0,air_conditioner
674,/mnt/data/Sound Sets/UrbanSound8K/UrbanSound8K/audio/fold6/204240-0-0-21.wav,0,air_conditioner
675,/mnt/data/Sound Sets/UrbanSound8K/UrbanSound8K/audio/fold6/204240-0-0-22.wav,0,air_conditioner
676,/mnt/data/Sound Sets/UrbanSound8K/UrbanSound8K/audio/fold6/204240-0-0-23.wav,0,air_conditioner
677,/mnt/data/Sound Sets/UrbanSound8K/UrbanSound8K/audio/fold6/204240-0-0-25.wav,0,air_conditioner
678,/mnt/data/Sound Sets/UrbanSound8K/UrbanSound8K/audio/fold6/204240-0-0-26.wav,0,air_conditioner
679,/mnt/data/Sound Sets/UrbanSound8K/UrbanSound8K/audio/fold6/204240-0-0-27.wav,0,air_conditioner
680,/mnt/data/Sound Sets/UrbanSound8K/UrbanSound8K/audio/fold6/204240-0-0-28.wav,0,air_conditioner
681,/mnt/data/Sound Sets/UrbanSound8K/UrbanSound8K/audio/fold6/204240-0-0-29.wav,0,air_conditioner
682,/mnt/data/Sound Sets/UrbanSound8K/UrbanSound8K/audio/fold6/204240-0-0-3.wav,0,air_conditioner
683,/mnt/data/Sound Sets/UrbanSound8K/UrbanSound8K/audio/fold6/204240-0-0-30.wav,0,air_conditioner
684,/mnt/data/Sound Sets/UrbanSound8K/UrbanSound8K/audio/fold6/204240-0-0-31.wav,0,air_conditioner
685,/mnt/data/Sound Sets/UrbanSound8K/UrbanSound8K/audio/fold6/204240-0-0-32.wav,0,air_conditioner
686,/mnt/data/Sound Sets/UrbanSound8K/UrbanSound8K/audio/fold6/204240-0-0-33.wav,0,air_conditioner
687,/mnt/data/Sound Sets/UrbanSound8K/UrbanSound8K/audio/fold6/204240-0-0-34.wav,0,air_conditioner
688,/mnt/data/Sound Sets/UrbanSound8K/UrbanSound8K/audio/fold6/204240-0-0-35.wav,0,air_conditioner
689,/mnt/data/Sound Sets/UrbanSound8K/UrbanSound8K/audio/fold6/204240-0-0-5.wav,0,air_conditioner
690,/mnt/data/Sound Sets/UrbanSound8K/UrbanSound8K/audio/fold6/204240-0-0-6.wav,0,air_conditioner
691,/mnt/data/Sound Sets/UrbanSound8K/UrbanSound8K/audio/fold6/204240-0-0-7.wav,0,air_conditioner
692,/mnt/data/Sound Sets/UrbanSound8K/UrbanSound8K/audio/fold6/204240-0-0-8.wav,0,air_conditioner
693,/mnt/data/Sound Sets/UrbanSound8K/UrbanSound8K/audio/fold6/204240-0-0-9.wav,0,air_conditioner
694,/mnt/data/Sound Sets/UrbanSound8K/UrbanSound8K/audio/fold4/204765-1-0-0.wav,1,car_horn
695,/mnt/data/Sound Sets/UrbanSound8K/UrbanSound8K/audio/fold1/24074-1-0-0.wav,1,car_horn
696,/mnt/data/Sound Sets/UrbanSound8K/UrbanSound8K/audio/fold1/24074-1-0-1.wav,1,car_horn
697,/mnt/data/Sound Sets/UrbanSound8K/UrbanSound8K/audio/fold1/24074-1-0-10.wav,1,car_horn
698,/mnt/data/Sound Sets/UrbanSound8K/UrbanSound8K/audio/fold1/24074-1-0-11.wav,1,car_horn
699,/mnt/data/Sound Sets/UrbanSound8K/UrbanSound8K/audio/fold1/24074-1-0-12.wav,1,car_horn
700,/mnt/data/Sound Sets/UrbanSound8K/UrbanSound8K/audio/fold1/24074-1-0-13.wav,1,car_horn
701,/mnt/data/Sound Sets/UrbanSound8K/UrbanSound8K/audio/fold1/24074-1-0-2.wav,1,car_horn
702,/mnt/data/Sound Sets/UrbanSound8K/UrbanSound8K/audio/fold1/24074-1-0-3.wav,1,car_horn
703,/mnt/data/Sound Sets/UrbanSound8K/UrbanSound8K/audio/fold1/24074-1-0-4.wav,1,car_horn
704,/mnt/data/Sound Sets/UrbanSound8K/UrbanSound8K/audio/fold1/24074-1-0-5.wav,1,car_horn
705,/mnt/data/Sound Sets/UrbanSound8K/UrbanSound8K/audio/fold1/24074-1-0-6.wav,1,car_horn
706,/mnt/data/Sound Sets/UrbanSound8K/UrbanSound8K/audio/fold1/24074-1-0-7.wav,1,car_horn
707,/mnt/data/Sound Sets/UrbanSound8K/UrbanSound8K/audio/fold1/24074-1-0-8.wav,1,car_horn
708,/mnt/data/Sound Sets/UrbanSound8K/UrbanSound8K/audio/fold1/24074-1-0-9.wav,1,car_horn
709,/mnt/data/Sound Sets/UrbanSound8K/UrbanSound8K/audio/fold5/26177-1-0-0.wav,1,car_horn
710,/mnt/data/Sound Sets/UrbanSound8K/UrbanSound8K/audio/fold5/26177-1-1-0.wav,1,car_horn
711,/mnt/data/Sound Sets/UrbanSound8K/UrbanSound8K/audio/fold5/26177-1-2-0.wav,1,car_horn
712,/mnt/data/Sound Sets/UrbanSound8K/UrbanSound8K/audio/fold6/29932-1-0-0.wav,1,car_horn
713,/mnt/data/Sound Sets/UrbanSound8K/UrbanSound8K/audio/fold6/29932-1-1-0.wav,1,car_horn
714,/mnt/data/Sound Sets/UrbanSound8K/UrbanSound8K/audio/fold3/30204-0-0-0.wav,0,air_conditioner
715,/mnt/data/Sound Sets/UrbanSound8K/UrbanSound8K/audio/fold3/30204-0-0-1.wav,0,air_conditioner
716,/mnt/data/Sound Sets/UrbanSound8K/UrbanSound8K/audio/fold3/30204-0-0-10.wav,0,air_conditioner
717,/mnt/data/Sound Sets/UrbanSound8K/UrbanSound8K/audio/fold3/30204-0-0-11.wav,0,air_conditioner
718,/mnt/data/Sound Sets/UrbanSound8K/UrbanSound8K/audio/fold3/30204-0-0-12.wav,0,air_conditioner
719,/mnt/data/Sound Sets/UrbanSound8K/UrbanSound8K/audio/fold3/30204-0-0-13.wav,0,air_conditioner
720,/mnt/data/Sound Sets/UrbanSound8K/UrbanSound8K/audio/fold3/30204-0-0-2.wav,0,air_conditioner
721,/mnt/data/Sound Sets/UrbanSound8K/UrbanSound8K/audio/fold3/30204-0-0-3.wav,0,air_conditioner
722,/mnt/data/Sound Sets/UrbanSound8K/UrbanSound8K/audio/fold3/30204-0-0-4.wav,0,air_conditioner
723,/mnt/data/Sound Sets/UrbanSound8K/UrbanSound8K/audio/fold3/30204-0-0-5.wav,0,air_conditioner
724,/mnt/data/Sound Sets/UrbanSound8K/UrbanSound8K/audio/fold3/30204-0-0-6.wav,0,air_conditioner
725,/mnt/data/Sound Sets/UrbanSound8K/UrbanSound8K/audio/fold3/30204-0-0-7.wav,0,air_conditioner
726,/mnt/data/Sound Sets/UrbanSound8K/UrbanSound8K/audio/fold3/30204-0-0-8.wav,0,air_conditioner
727,/mnt/data/Sound Sets/UrbanSound8K/UrbanSound8K/audio/fold3/30204-0-0-9.wav,0,air_conditioner
728,/mnt/data/Sound Sets/UrbanSound8K/UrbanSound8K/audio/fold3/32417-1-0-0.wav,1,car_horn
729,/mnt/data/Sound Sets/UrbanSound8K/UrbanSound8K/audio/fold7/34241-1-0-0.wav,1,car_horn
730,/mnt/data/Sound Sets/UrbanSound8K/UrbanSound8K/audio/fold7/34241-1-1-0.wav,1,car_horn
731,/mnt/data/Sound Sets/UrbanSound8K/UrbanSound8K/audio/fold7/34241-1-2-0.wav,1,car_horn
732,/mnt/data/Sound Sets/UrbanSound8K/UrbanSound8K/audio/fold7/35382-0-0-0.wav,0,air_conditioner
733,/mnt/data/Sound Sets/UrbanSound8K/UrbanSound8K/audio/fold7/35382-0-0-1.wav,0,air_conditioner
734,/mnt/data/Sound Sets/UrbanSound8K/UrbanSound8K/audio/fold6/43802-1-0-0.wav,1,car_horn
735,/mnt/data/Sound Sets/UrbanSound8K/UrbanSound8K/audio/fold6/43802-1-1-0.wav,1,car_horn
736,/mnt/data/Sound Sets/UrbanSound8K/UrbanSound8K/audio/fold6/43802-1-2-0.wav,1,car_horn
737,/mnt/data/Sound Sets/UrbanSound8K/UrbanSound8K/audio/fold5/43803-1-0-0.wav,1,car_horn
738,/mnt/data/Sound Sets/UrbanSound8K/UrbanSound8K/audio/fold4/44278-1-0-0.wav,1,car_horn
739,/mnt/data/Sound Sets/UrbanSound8K/UrbanSound8K/audio/fold4/44278-1-1-0.wav,1,car_horn
740,/mnt/data/Sound Sets/UrbanSound8K/UrbanSound8K/audio/fold5/45256-1-0-0.wav,1,car_horn
741,/mnt/data/Sound Sets/UrbanSound8K/UrbanSound8K/audio/fold5/46391-1-0-0.wav,1,car_horn
742,/mnt/data/Sound Sets/UrbanSound8K/UrbanSound8K/audio/fold5/46391-1-1-0.wav,1,car_horn
743,/mnt/data/Sound Sets/UrbanSound8K/UrbanSound8K/audio/fold6/47160-0-0-0.wav,0,air_conditioner
744,/mnt/data/Sound Sets/UrbanSound8K/UrbanSound8K/audio/fold6/47160-0-0-1.wav,0,air_conditioner
745,/mnt/data/Sound Sets/UrbanSound8K/UrbanSound8K/audio/fold6/47160-0-0-2.wav,0,air_conditioner
746,/mnt/data/Sound Sets/UrbanSound8K/UrbanSound8K/audio/fold6/47160-0-0-3.wav,0,air_conditioner
747,/mnt/data/Sound Sets/UrbanSound8K/UrbanSound8K/audio/fold6/47160-0-0-4.wav,0,air_conditioner
748,/mnt/data/Sound Sets/UrbanSound8K/UrbanSound8K/audio/fold1/50901-0-0-0.wav,0,air_conditioner
749,/mnt/data/Sound Sets/UrbanSound8K/UrbanSound8K/audio/fold1/50901-0-1-0.wav,0,air_conditioner
750,/mnt/data/Sound Sets/UrbanSound8K/UrbanSound8K/audio/fold1/50901-0-1-1.wav,0,air_conditioner
751,/mnt/data/Sound Sets/UrbanSound8K/UrbanSound8K/audio/fold5/52102-1-0-0.wav,1,car_horn
752,/mnt/data/Sound Sets/UrbanSound8K/UrbanSound8K/audio/fold4/55018-0-0-102.wav,0,air_conditioner
753,/mnt/data/Sound Sets/UrbanSound8K/UrbanSound8K/audio/fold4/55018-0-0-106.wav,0,air_conditioner
754,/mnt/data/Sound Sets/UrbanSound8K/UrbanSound8K/audio/fold4/55018-0-0-110.wav,0,air_conditioner
755,/mnt/data/Sound Sets/UrbanSound8K/UrbanSound8K/audio/fold4/55018-0-0-116.wav,0,air_conditioner
756,/mnt/data/Sound Sets/UrbanSound8K/UrbanSound8K/audio/fold4/55018-0-0-121.wav,0,air_conditioner
757,/mnt/data/Sound Sets/UrbanSound8K/UrbanSound8K/audio/fold4/55018-0-0-145.wav,0,air_conditioner
758,/mnt/data/Sound Sets/UrbanSound8K/UrbanSound8K/audio/fold4/55018-0-0-146.wav,0,air_conditioner
759,/mnt/data/Sound Sets/UrbanSound8K/UrbanSound8K/audio/fold4/55018-0-0-148.wav,0,air_conditioner
760,/mnt/data/Sound Sets/UrbanSound8K/UrbanSound8K/audio/fold4/55018-0-0-162.wav,0,air_conditioner
761,/mnt/data/Sound Sets/UrbanSound8K/UrbanSound8K/audio/fold4/55018-0-0-194.wav,0,air_conditioner
762,/mnt/data/Sound Sets/UrbanSound8K/UrbanSound8K/audio/fold4/55018-0-0-2.wav,0,air_conditioner
763,/mnt/data/Sound Sets/UrbanSound8K/UrbanSound8K/audio/fold4/55018-0-0-209.wav,0,air_conditioner
764,/mnt/data/Sound Sets/UrbanSound8K/UrbanSound8K/audio/fold4/55018-0-0-246.wav,0,air_conditioner
765,/mnt/data/Sound Sets/UrbanSound8K/UrbanSound8K/audio/fold4/55018-0-0-248.wav,0,air_conditioner
766,/mnt/data/Sound Sets/UrbanSound8K/UrbanSound8K/audio/fold4/55018-0-0-26.wav,0,air_conditioner
767,/mnt/data/Sound Sets/UrbanSound8K/UrbanSound8K/audio/fold4/55018-0-0-37.wav,0,air_conditioner
768,/mnt/data/Sound Sets/UrbanSound8K/UrbanSound8K/audio/fold4/55018-0-0-44.wav,0,air_conditioner
769,/mnt/data/Sound Sets/UrbanSound8K/UrbanSound8K/audio/fold4/55018-0-0-49.wav,0,air_conditioner
770,/mnt/data/Sound Sets/UrbanSound8K/UrbanSound8K/audio/fold4/55018-0-0-8.wav,0,air_conditioner
771,/mnt/data/Sound Sets/UrbanSound8K/UrbanSound8K/audio/fold4/55018-0-0-84.wav,0,air_conditioner
772,/mnt/data/Sound Sets/UrbanSound8K/UrbanSound8K/audio/fold4/55018-0-0-87.wav,0,air_conditioner
773,/mnt/data/Sound Sets/UrbanSound8K/UrbanSound8K/audio/fold4/55018-0-0-92.wav,0,air_conditioner
774,/mnt/data/Sound Sets/UrbanSound8K/UrbanSound8K/audio/fold4/55018-0-0-93.wav,0,air_conditioner
775,/mnt/data/Sound Sets/UrbanSound8K/UrbanSound8K/audio/fold2/56385-0-0-0.wav,0,air_conditioner
776,/mnt/data/Sound Sets/UrbanSound8K/UrbanSound8K/audio/fold2/56385-0-0-1.wav,0,air_conditioner
777,/mnt/data/Sound Sets/UrbanSound8K/UrbanSound8K/audio/fold2/56385-0-0-2.wav,0,air_conditioner
778,/mnt/data/Sound Sets/UrbanSound8K/UrbanSound8K/audio/fold1/57320-0-0-0.wav,0,air_conditioner
779,/mnt/data/Sound Sets/UrbanSound8K/UrbanSound8K/audio/fold1/57320-0-0-10.wav,0,air_conditioner
780,/mnt/data/Sound Sets/UrbanSound8K/UrbanSound8K/audio/fold1/57320-0-0-11.wav,0,air_conditioner
781,/mnt/data/Sound Sets/UrbanSound8K/UrbanSound8K/audio/fold1/57320-0-0-13.wav,0,air_conditioner
782,/mnt/data/Sound Sets/UrbanSound8K/UrbanSound8K/audio/fold1/57320-0-0-15.wav,0,air_conditioner
783,/mnt/data/Sound Sets/UrbanSound8K/UrbanSound8K/audio/fold1/57320-0-0-21.wav,0,air_conditioner
784,/mnt/data/Sound Sets/UrbanSound8K/UrbanSound8K/audio/fold1/57320-0-0-22.wav,0,air_conditioner
785,/mnt/data/Sound Sets/UrbanSound8K/UrbanSound8K/audio/fold1/57320-0-0-24.wav,0,air_conditioner
786,/mnt/data/Sound Sets/UrbanSound8K/UrbanSound8K/audio/fold1/57320-0-0-27.wav,0,air_conditioner
787,/mnt/data/Sound Sets/UrbanSound8K/UrbanSound8K/audio/fold1/57320-0-0-31.wav,0,air_conditioner
788,/mnt/data/Sound Sets/UrbanSound8K/UrbanSound8K/audio/fold1/57320-0-0-32.wav,0,air_conditioner
789,/mnt/data/Sound Sets/UrbanSound8K/UrbanSound8K/audio/fold1/57320-0-0-33.wav,0,air_conditioner
790,/mnt/data/Sound Sets/UrbanSound8K/UrbanSound8K/audio/fold1/57320-0-0-34.wav,0,air_conditioner
791,/mnt/data/Sound Sets/UrbanSound8K/UrbanSound8K/audio/fold1/57320-0-0-36.wav,0,air_conditioner
792,/mnt/data/Sound Sets/UrbanSound8K/UrbanSound8K/audio/fold1/57320-0-0-37.wav,0,air_conditioner
793,/mnt/data/Sound Sets/UrbanSound8K/UrbanSound8K/audio/fold1/57320-0-0-38.wav,0,air_conditioner
794,/mnt/data/Sound Sets/UrbanSound8K/UrbanSound8K/audio/fold1/57320-0-0-39.wav,0,air_conditioner
795,/mnt/data/Sound Sets/UrbanSound8K/UrbanSound8K/audio/fold1/57320-0-0-4.wav,0,air_conditioner
796,/mnt/data/Sound Sets/UrbanSound8K/UrbanSound8K/audio/fold1/57320-0-0-42.wav,0,air_conditioner
797,/mnt/data/Sound Sets/UrbanSound8K/UrbanSound8K/audio/fold1/57320-0-0-45.wav,0,air_conditioner
798,/mnt/data/Sound Sets/UrbanSound8K/UrbanSound8K/audio/fold1/57320-0-0-5.wav,0,air_conditioner
799,/mnt/data/Sound Sets/UrbanSound8K/UrbanSound8K/audio/fold1/57320-0-0-6.wav,0,air_conditioner
800,/mnt/data/Sound Sets/UrbanSound8K/UrbanSound8K/audio/fold1/57320-0-0-7.wav,0,air_conditioner
801,/mnt/data/Sound Sets/UrbanSound8K/UrbanSound8K/audio/fold1/57320-0-0-9.wav,0,air_conditioner
802,/mnt/data/Sound Sets/UrbanSound8K/UrbanSound8K/audio/fold6/57607-1-0-0.wav,1,car_horn
803,/mnt/data/Sound Sets/UrbanSound8K/UrbanSound8K/audio/fold2/58202-1-0-0.wav,1,car_horn
804,/mnt/data/Sound Sets/UrbanSound8K/UrbanSound8K/audio/fold3/58806-0-0-0.wav,0,air_conditioner
805,/mnt/data/Sound Sets/UrbanSound8K/UrbanSound8K/audio/fold1/59277-0-0-0.wav,0,air_conditioner
806,/mnt/data/Sound Sets/UrbanSound8K/UrbanSound8K/audio/fold1/59277-0-0-1.wav,0,air_conditioner
807,/mnt/data/Sound Sets/UrbanSound8K/UrbanSound8K/audio/fold1/59277-0-0-2.wav,0,air_conditioner
808,/mnt/data/Sound Sets/UrbanSound8K/UrbanSound8K/audio/fold1/59277-0-0-3.wav,0,air_conditioner
809,/mnt/data/Sound Sets/UrbanSound8K/UrbanSound8K/audio/fold1/59277-0-0-4.wav,0,air_conditioner
810,/mnt/data/Sound Sets/UrbanSound8K/UrbanSound8K/audio/fold1/59277-0-0-5.wav,0,air_conditioner
811,/mnt/data/Sound Sets/UrbanSound8K/UrbanSound8K/audio/fold1/59277-0-0-6.wav,0,air_conditioner
812,/mnt/data/Sound Sets/UrbanSound8K/UrbanSound8K/audio/fold1/59277-0-0-7.wav,0,air_conditioner
813,/mnt/data/Sound Sets/UrbanSound8K/UrbanSound8K/audio/fold5/60846-0-0-0.wav,0,air_conditioner
814,/mnt/data/Sound Sets/UrbanSound8K/UrbanSound8K/audio/fold5/60846-0-0-1.wav,0,air_conditioner
815,/mnt/data/Sound Sets/UrbanSound8K/UrbanSound8K/audio/fold5/60846-0-0-2.wav,0,air_conditioner
816,/mnt/data/Sound Sets/UrbanSound8K/UrbanSound8K/audio/fold5/60846-0-0-3.wav,0,air_conditioner
817,/mnt/data/Sound Sets/UrbanSound8K/UrbanSound8K/audio/fold4/62461-0-0-0.wav,0,air_conditioner
818,/mnt/data/Sound Sets/UrbanSound8K/UrbanSound8K/audio/fold4/62461-0-0-1.wav,0,air_conditioner
819,/mnt/data/Sound Sets/UrbanSound8K/UrbanSound8K/audio/fold4/62461-0-0-2.wav,0,air_conditioner
820,/mnt/data/Sound Sets/UrbanSound8K/UrbanSound8K/audio/fold4/62461-0-0-3.wav,0,air_conditioner
821,/mnt/data/Sound Sets/UrbanSound8K/UrbanSound8K/audio/fold6/63724-0-0-0.wav,0,air_conditioner
822,/mnt/data/Sound Sets/UrbanSound8K/UrbanSound8K/audio/fold6/63724-0-0-1.wav,0,air_conditioner
823,/mnt/data/Sound Sets/UrbanSound8K/UrbanSound8K/audio/fold6/63724-0-0-10.wav,0,air_conditioner
824,/mnt/data/Sound Sets/UrbanSound8K/UrbanSound8K/audio/fold6/63724-0-0-11.wav,0,air_conditioner
825,/mnt/data/Sound Sets/UrbanSound8K/UrbanSound8K/audio/fold6/63724-0-0-12.wav,0,air_conditioner
826,/mnt/data/Sound Sets/UrbanSound8K/UrbanSound8K/audio/fold6/63724-0-0-13.wav,0,air_conditioner
827,/mnt/data/Sound Sets/UrbanSound8K/UrbanSound8K/audio/fold6/63724-0-0-14.wav,0,air_conditioner
828,/mnt/data/Sound Sets/UrbanSound8K/UrbanSound8K/audio/fold6/63724-0-0-15.wav,0,air_conditioner
829,/mnt/data/Sound Sets/UrbanSound8K/UrbanSound8K/audio/fold6/63724-0-0-16.wav,0,air_conditioner
830,/mnt/data/Sound Sets/UrbanSound8K/UrbanSound8K/audio/fold6/63724-0-0-2.wav,0,air_conditioner
831,/mnt/data/Sound Sets/UrbanSound8K/UrbanSound8K/audio/fold6/63724-0-0-3.wav,0,air_conditioner
832,/mnt/data/Sound Sets/UrbanSound8K/UrbanSound8K/audio/fold6/63724-0-0-4.wav,0,air_conditioner
833,/mnt/data/Sound Sets/UrbanSound8K/UrbanSound8K/audio/fold6/63724-0-0-5.wav,0,air_conditioner
834,/mnt/data/Sound Sets/UrbanSound8K/UrbanSound8K/audio/fold6/63724-0-0-6.wav,0,air_conditioner
835,/mnt/data/Sound Sets/UrbanSound8K/UrbanSound8K/audio/fold6/63724-0-0-7.wav,0,air_conditioner
836,/mnt/data/Sound Sets/UrbanSound8K/UrbanSound8K/audio/fold6/63724-0-0-8.wav,0,air_conditioner
837,/mnt/data/Sound Sets/UrbanSound8K/UrbanSound8K/audio/fold6/63724-0-0-9.wav,0,air_conditioner
838,/mnt/data/Sound Sets/UrbanSound8K/UrbanSound8K/audio/fold5/65472-1-0-0.wav,1,car_horn
839,/mnt/data/Sound Sets/UrbanSound8K/UrbanSound8K/audio/fold6/68657-1-0-0.wav,1,car_horn
840,/mnt/data/Sound Sets/UrbanSound8K/UrbanSound8K/audio/fold5/71439-1-0-0.wav,1,car_horn
841,/mnt/data/Sound Sets/UrbanSound8K/UrbanSound8K/audio/fold5/71439-1-1-0.wav,1,car_horn
842,/mnt/data/Sound Sets/UrbanSound8K/UrbanSound8K/audio/fold5/71439-1-2-0.wav,1,car_horn
843,/mnt/data/Sound Sets/UrbanSound8K/UrbanSound8K/audio/fold5/71439-1-3-0.wav,1,car_horn
844,/mnt/data/Sound Sets/UrbanSound8K/UrbanSound8K/audio/fold5/72259-1-0-0.wav,1,car_horn
845,/mnt/data/Sound Sets/UrbanSound8K/UrbanSound8K/audio/fold5/72259-1-0-1.wav,1,car_horn
846,/mnt/data/Sound Sets/UrbanSound8K/UrbanSound8K/audio/fold5/72259-1-0-2.wav,1,car_horn
847,/mnt/data/Sound Sets/UrbanSound8K/UrbanSound8K/audio/fold5/72259-1-0-3.wav,1,car_horn
848,/mnt/data/Sound Sets/UrbanSound8K/UrbanSound8K/audio/fold5/72259-1-0-4.wav,1,car_horn
849,/mnt/data/Sound Sets/UrbanSound8K/UrbanSound8K/audio/fold5/72259-1-0-5.wav,1,car_horn
850,/mnt/data/Sound Sets/UrbanSound8K/UrbanSound8K/audio/fold5/72259-1-1-0.wav,1,car_horn
851,/mnt/data/Sound Sets/UrbanSound8K/UrbanSound8K/audio/fold5/72259-1-10-0.wav,1,car_horn
852,/mnt/data/Sound Sets/UrbanSound8K/UrbanSound8K/audio/fold5/72259-1-10-1.wav,1,car_horn
853,/mnt/data/Sound Sets/UrbanSound8K/UrbanSound8K/audio/fold5/72259-1-10-10.wav,1,car_horn
854,/mnt/data/Sound Sets/UrbanSound8K/UrbanSound8K/audio/fold5/72259-1-10-11.wav,1,car_horn
855,/mnt/data/Sound Sets/UrbanSound8K/UrbanSound8K/audio/fold5/72259-1-10-12.wav,1,car_horn
856,/mnt/data/Sound Sets/UrbanSound8K/UrbanSound8K/audio/fold5/72259-1-10-13.wav,1,car_horn
857,/mnt/data/Sound Sets/UrbanSound8K/UrbanSound8K/audio/fold5/72259-1-10-14.wav,1,car_horn
858,/mnt/data/Sound Sets/UrbanSound8K/UrbanSound8K/audio/fold5/72259-1-10-2.wav,1,car_horn
859,/mnt/data/Sound Sets/UrbanSound8K/UrbanSound8K/audio/fold5/72259-1-10-3.wav,1,car_horn
860,/mnt/data/Sound Sets/UrbanSound8K/UrbanSound8K/audio/fold5/72259-1-10-4.wav,1,car_horn
861,/mnt/data/Sound Sets/UrbanSound8K/UrbanSound8K/audio/fold5/72259-1-10-5.wav,1,car_horn
862,/mnt/data/Sound Sets/UrbanSound8K/UrbanSound8K/audio/fold5/72259-1-10-6.wav,1,car_horn
863,/mnt/data/Sound Sets/UrbanSound8K/UrbanSound8K/audio/fold5/72259-1-10-7.wav,1,car_horn
864,/mnt/data/Sound Sets/UrbanSound8K/UrbanSound8K/audio/fold5/72259-1-10-8.wav,1,car_horn
865,/mnt/data/Sound Sets/UrbanSound8K/UrbanSound8K/audio/fold5/72259-1-10-9.wav,1,car_horn
866,/mnt/data/Sound Sets/UrbanSound8K/UrbanSound8K/audio/fold5/72259-1-2-0.wav,1,car_horn
867,/mnt/data/Sound Sets/UrbanSound8K/UrbanSound8K/audio/fold5/72259-1-3-0.wav,1,car_horn
868,/mnt/data/Sound Sets/UrbanSound8K/UrbanSound8K/audio/fold5/72259-1-5-0.wav,1,car_horn
869,/mnt/data/Sound Sets/UrbanSound8K/UrbanSound8K/audio/fold5/72259-1-5-1.wav,1,car_horn
870,/mnt/data/Sound Sets/UrbanSound8K/UrbanSound8K/audio/fold5/72259-1-5-2.wav,1,car_horn
871,/mnt/data/Sound Sets/UrbanSound8K/UrbanSound8K/audio/fold5/72259-1-5-3.wav,1,car_horn
872,/mnt/data/Sound Sets/UrbanSound8K/UrbanSound8K/audio/fold5/72259-1-5-4.wav,1,car_horn
873,/mnt/data/Sound Sets/UrbanSound8K/UrbanSound8K/audio/fold5/72259-1-6-0.wav,1,car_horn
874,/mnt/data/Sound Sets/UrbanSound8K/UrbanSound8K/audio/fold5/72259-1-6-1.wav,1,car_horn
875,/mnt/data/Sound Sets/UrbanSound8K/UrbanSound8K/audio/fold5/72259-1-7-0.wav,1,car_horn
876,/mnt/data/Sound Sets/UrbanSound8K/UrbanSound8K/audio/fold5/72259-1-7-1.wav,1,car_horn
877,/mnt/data/Sound Sets/UrbanSound8K/UrbanSound8K/audio/fold5/72259-1-7-10.wav,1,car_horn
878,/mnt/data/Sound Sets/UrbanSound8K/UrbanSound8K/audio/fold5/72259-1-7-11.wav,1,car_horn
879,/mnt/data/Sound Sets/UrbanSound8K/UrbanSound8K/audio/fold5/72259-1-7-12.wav,1,car_horn
880,/mnt/data/Sound Sets/UrbanSound8K/UrbanSound8K/audio/fold5/72259-1-7-13.wav,1,car_horn
881,/mnt/data/Sound Sets/UrbanSound8K/UrbanSound8K/audio/fold5/72259-1-7-14.wav,1,car_horn
882,/mnt/data/Sound Sets/UrbanSound8K/UrbanSound8K/audio/fold5/72259-1-7-15.wav,1,car_horn
883,/mnt/data/Sound Sets/UrbanSound8K/UrbanSound8K/audio/fold5/72259-1-7-16.wav,1,car_horn
884,/mnt/data/Sound Sets/UrbanSound8K/UrbanSound8K/audio/fold5/72259-1-7-17.wav,1,car_horn
885,/mnt/data/Sound Sets/UrbanSound8K/UrbanSound8K/audio/fold5/72259-1-7-18.wav,1,car_horn
886,/mnt/data/Sound Sets/UrbanSound8K/UrbanSound8K/audio/fold5/72259-1-7-19.wav,1,car_horn
887,/mnt/data/Sound Sets/UrbanSound8K/UrbanSound8K/audio/fold5/72259-1-7-2.wav,1,car_horn
888,/mnt/data/Sound Sets/UrbanSound8K/UrbanSound8K/audio/fold5/72259-1-7-20.wav,1,car_horn
889,/mnt/data/Sound Sets/UrbanSound8K/UrbanSound8K/audio/fold5/72259-1-7-21.wav,1,car_horn
890,/mnt/data/Sound Sets/UrbanSound8K/UrbanSound8K/audio/fold5/72259-1-7-22.wav,1,car_horn
891,/mnt/data/Sound Sets/UrbanSound8K/UrbanSound8K/audio/fold5/72259-1-7-3.wav,1,car_horn
892,/mnt/data/Sound Sets/UrbanSound8K/UrbanSound8K/audio/fold5/72259-1-7-4.wav,1,car_horn
893,/mnt/data/Sound Sets/UrbanSound8K/UrbanSound8K/audio/fold5/72259-1-7-5.wav,1,car_horn
894,/mnt/data/Sound Sets/UrbanSound8K/UrbanSound8K/audio/fold5/72259-1-7-6.wav,1,car_horn
895,/mnt/data/Sound Sets/UrbanSound8K/UrbanSound8K/audio/fold5/72259-1-7-7.wav,1,car_horn
896,/mnt/data/Sound Sets/UrbanSound8K/UrbanSound8K/audio/fold5/72259-1-7-8.wav,1,car_horn
897,/mnt/data/Sound Sets/UrbanSound8K/UrbanSound8K/audio/fold5/72259-1-7-9.wav,1,car_horn
898,/mnt/data/Sound Sets/UrbanSound8K/UrbanSound8K/audio/fold5/72259-1-8-0.wav,1,car_horn
899,/mnt/data/Sound Sets/UrbanSound8K/UrbanSound8K/audio/fold5/72259-1-9-0.wav,1,car_horn
900,/mnt/data/Sound Sets/UrbanSound8K/UrbanSound8K/audio/fold5/72259-1-9-1.wav,1,car_horn
901,/mnt/data/Sound Sets/UrbanSound8K/UrbanSound8K/audio/fold5/72259-1-9-10.wav,1,car_horn
902,/mnt/data/Sound Sets/UrbanSound8K/UrbanSound8K/audio/fold5/72259-1-9-11.wav,1,car_horn
903,/mnt/data/Sound Sets/UrbanSound8K/UrbanSound8K/audio/fold5/72259-1-9-12.wav,1,car_horn
904,/mnt/data/Sound Sets/UrbanSound8K/UrbanSound8K/audio/fold5/72259-1-9-13.wav,1,car_horn
905,/mnt/data/Sound Sets/UrbanSound8K/UrbanSound8K/audio/fold5/72259-1-9-14.wav,1,car_horn
906,/mnt/data/Sound Sets/UrbanSound8K/UrbanSound8K/audio/fold5/72259-1-9-15.wav,1,car_horn
907,/mnt/data/Sound Sets/UrbanSound8K/UrbanSound8K/audio/fold5/72259-1-9-16.wav,1,car_horn
908,/mnt/data/Sound Sets/UrbanSound8K/UrbanSound8K/audio/fold5/72259-1-9-17.wav,1,car_horn
909,/mnt/data/Sound Sets/UrbanSound8K/UrbanSound8K/audio/fold5/72259-1-9-2.wav,1,car_horn
910,/mnt/data/Sound Sets/UrbanSound8K/UrbanSound8K/audio/fold5/72259-1-9-3.wav,1,car_horn
911,/mnt/data/Sound Sets/UrbanSound8K/UrbanSound8K/audio/fold5/72259-1-9-4.wav,1,car_horn
912,/mnt/data/Sound Sets/UrbanSound8K/UrbanSound8K/audio/fold5/72259-1-9-5.wav,1,car_horn
913,/mnt/data/Sound Sets/UrbanSound8K/UrbanSound8K/audio/fold5/72259-1-9-6.wav,1,car_horn
914,/mnt/data/Sound Sets/UrbanSound8K/UrbanSound8K/audio/fold5/72259-1-9-7.wav,1,car_horn
915,/mnt/data/Sound Sets/UrbanSound8K/UrbanSound8K/audio/fold5/72259-1-9-8.wav,1,car_horn
916,/mnt/data/Sound Sets/UrbanSound8K/UrbanSound8K/audio/fold5/72259-1-9-9.wav,1,car_horn
917,/mnt/data/Sound Sets/UrbanSound8K/UrbanSound8K/audio/fold2/72567-1-0-0.wav,1,car_horn
918,/mnt/data/Sound Sets/UrbanSound8K/UrbanSound8K/audio/fold2/72567-1-0-1.wav,1,car_horn
919,/mnt/data/Sound Sets/UrbanSound8K/UrbanSound8K/audio/fold2/72567-1-1-0.wav,1,car_horn
920,/mnt/data/Sound Sets/UrbanSound8K/UrbanSound8K/audio/fold2/72567-1-2-0.wav,1,car_horn
921,/mnt/data/Sound Sets/UrbanSound8K/UrbanSound8K/audio/fold2/72567-1-2-1.wav,1,car_horn
922,/mnt/data/Sound Sets/UrbanSound8K/UrbanSound8K/audio/fold2/72567-1-2-2.wav,1,car_horn
923,/mnt/data/Sound Sets/UrbanSound8K/UrbanSound8K/audio/fold2/72567-1-2-3.wav,1,car_horn
924,/mnt/data/Sound Sets/UrbanSound8K/UrbanSound8K/audio/fold2/72567-1-2-4.wav,1,car_horn
925,/mnt/data/Sound Sets/UrbanSound8K/UrbanSound8K/audio/fold2/72567-1-2-5.wav,1,car_horn
926,/mnt/data/Sound Sets/UrbanSound8K/UrbanSound8K/audio/fold2/72567-1-3-0.wav,1,car_horn
927,/mnt/data/Sound Sets/UrbanSound8K/UrbanSound8K/audio/fold2/72567-1-4-0.wav,1,car_horn
928,/mnt/data/Sound Sets/UrbanSound8K/UrbanSound8K/audio/fold2/72567-1-4-1.wav,1,car_horn
929,/mnt/data/Sound Sets/UrbanSound8K/UrbanSound8K/audio/fold2/72567-1-4-2.wav,1,car_horn
930,/mnt/data/Sound Sets/UrbanSound8K/UrbanSound8K/audio/fold2/72567-1-4-3.wav,1,car_horn
931,/mnt/data/Sound Sets/UrbanSound8K/UrbanSound8K/audio/fold2/72567-1-4-4.wav,1,car_horn
932,/mnt/data/Sound Sets/UrbanSound8K/UrbanSound8K/audio/fold2/72567-1-4-5.wav,1,car_horn
933,/mnt/data/Sound Sets/UrbanSound8K/UrbanSound8K/audio/fold2/72567-1-4-6.wav,1,car_horn
934,/mnt/data/Sound Sets/UrbanSound8K/UrbanSound8K/audio/fold2/72567-1-4-7.wav,1,car_horn
935,/mnt/data/Sound Sets/UrbanSound8K/UrbanSound8K/audio/fold2/72567-1-5-0.wav,1,car_horn
936,/mnt/data/Sound Sets/UrbanSound8K/UrbanSound8K/audio/fold4/7389-1-0-0.wav,1,car_horn
937,/mnt/data/Sound Sets/UrbanSound8K/UrbanSound8K/audio/fold4/7389-1-0-1.wav,1,car_horn
938,/mnt/data/Sound Sets/UrbanSound8K/UrbanSound8K/audio/fold4/7389-1-0-2.wav,1,car_horn
939,/mnt/data/Sound Sets/UrbanSound8K/UrbanSound8K/audio/fold4/7389-1-0-3.wav,1,car_horn
940,/mnt/data/Sound Sets/UrbanSound8K/UrbanSound8K/audio/fold4/7389-1-0-4.wav,1,car_horn
941,/mnt/data/Sound Sets/UrbanSound8K/UrbanSound8K/audio/fold4/7389-1-0-5.wav,1,car_horn
942,/mnt/data/Sound Sets/UrbanSound8K/UrbanSound8K/audio/fold4/7389-1-0-6.wav,1,car_horn
943,/mnt/data/Sound Sets/UrbanSound8K/UrbanSound8K/audio/fold4/7389-1-0-7.wav,1,car_horn
944,/mnt/data/Sound Sets/UrbanSound8K/UrbanSound8K/audio/fold4/7389-1-1-0.wav,1,car_horn
945,/mnt/data/Sound Sets/UrbanSound8K/UrbanSound8K/audio/fold4/7389-1-2-0.wav,1,car_horn
946,/mnt/data/Sound Sets/UrbanSound8K/UrbanSound8K/audio/fold4/7389-1-2-1.wav,1,car_horn
947,/mnt/data/Sound Sets/UrbanSound8K/UrbanSound8K/audio/fold4/7389-1-2-2.wav,1,car_horn
948,/mnt/data/Sound Sets/UrbanSound8K/UrbanSound8K/audio/fold4/7389-1-2-3.wav,1,car_horn
949,/mnt/data/Sound Sets/UrbanSound8K/UrbanSound8K/audio/fold4/7389-1-3-0.wav,1,car_horn
950,/mnt/data/Sound Sets/UrbanSound8K/UrbanSound8K/audio/fold4/7389-1-3-1.wav,1,car_horn
951,/mnt/data/Sound Sets/UrbanSound8K/UrbanSound8K/audio/fold4/7389-1-3-2.wav,1,car_horn
952,/mnt/data/Sound Sets/UrbanSound8K/UrbanSound8K/audio/fold4/7389-1-3-3.wav,1,car_horn
953,/mnt/data/Sound Sets/UrbanSound8K/UrbanSound8K/audio/fold4/7389-1-3-4.wav,1,car_horn
954,/mnt/data/Sound Sets/UrbanSound8K/UrbanSound8K/audio/fold4/7389-1-3-5.wav,1,car_horn
955,/mnt/data/Sound Sets/UrbanSound8K/UrbanSound8K/audio/fold4/7389-1-4-0.wav,1,car_horn
956,/mnt/data/Sound Sets/UrbanSound8K/UrbanSound8K/audio/fold4/7389-1-4-1.wav,1,car_horn
957,/mnt/data/Sound Sets/UrbanSound8K/UrbanSound8K/audio/fold4/7389-1-4-10.wav,1,car_horn
958,/mnt/data/Sound Sets/UrbanSound8K/UrbanSound8K/audio/fold4/7389-1-4-11.wav,1,car_horn
959,/mnt/data/Sound Sets/UrbanSound8K/UrbanSound8K/audio/fold4/7389-1-4-12.wav,1,car_horn
960,/mnt/data/Sound Sets/UrbanSound8K/UrbanSound8K/audio/fold4/7389-1-4-13.wav,1,car_horn
961,/mnt/data/Sound Sets/UrbanSound8K/UrbanSound8K/audio/fold4/7389-1-4-14.wav,1,car_horn
962,/mnt/data/Sound Sets/UrbanSound8K/UrbanSound8K/audio/fold4/7389-1-4-15.wav,1,car_horn
963,/mnt/data/Sound Sets/UrbanSound8K/UrbanSound8K/audio/fold4/7389-1-4-2.wav,1,car_horn
964,/mnt/data/Sound Sets/UrbanSound8K/UrbanSound8K/audio/fold4/7389-1-4-3.wav,1,car_horn
965,/mnt/data/Sound Sets/UrbanSound8K/UrbanSound8K/audio/fold4/7389-1-4-4.wav,1,car_horn
966,/mnt/data/Sound Sets/UrbanSound8K/UrbanSound8K/audio/fold4/7389-1-4-5.wav,1,car_horn
967,/mnt/data/Sound Sets/UrbanSound8K/UrbanSound8K/audio/fold4/7389-1-4-6.wav,1,car_horn
968,/mnt/data/Sound Sets/UrbanSound8K/UrbanSound8K/audio/fold4/7389-1-4-7.wav,1,car_horn
969,/mnt/data/Sound Sets/UrbanSound8K/UrbanSound8K/audio/fold4/7389-1-4-8.wav,1,car_horn
970,/mnt/data/Sound Sets/UrbanSound8K/UrbanSound8K/audio/fold4/7389-1-4-9.wav,1,car_horn
971,/mnt/data/Sound Sets/UrbanSound8K/UrbanSound8K/audio/fold2/74507-0-0-0.wav,0,air_conditioner
972,/mnt/data/Sound Sets/UrbanSound8K/UrbanSound8K/audio/fold2/74507-0-0-1.wav,0,air_conditioner
973,/mnt/data/Sound Sets/UrbanSound8K/UrbanSound8K/audio/fold2/74507-0-0-10.wav,0,air_conditioner
974,/mnt/data/Sound Sets/UrbanSound8K/UrbanSound8K/audio/fold2/74507-0-0-11.wav,0,air_conditioner
975,/mnt/data/Sound Sets/UrbanSound8K/UrbanSound8K/audio/fold2/74507-0-0-12.wav,0,air_conditioner
976,/mnt/data/Sound Sets/UrbanSound8K/UrbanSound8K/audio/fold2/74507-0-0-13.wav,0,air_conditioner
977,/mnt/data/Sound Sets/UrbanSound8K/UrbanSound8K/audio/fold2/74507-0-0-14.wav,0,air_conditioner
978,/mnt/data/Sound Sets/UrbanSound8K/UrbanSound8K/audio/fold2/74507-0-0-15.wav,0,air_conditioner
979,/mnt/data/Sound Sets/UrbanSound8K/UrbanSound8K/audio/fold2/74507-0-0-16.wav,0,air_conditioner
980,/mnt/data/Sound Sets/UrbanSound8K/UrbanSound8K/audio/fold2/74507-0-0-17.wav,0,air_conditioner
981,/mnt/data/Sound Sets/UrbanSound8K/UrbanSound8K/audio/fold2/74507-0-0-18.wav,0,air_conditioner
982,/mnt/data/Sound Sets/UrbanSound8K/UrbanSound8K/audio/fold2/74507-0-0-2.wav,0,air_conditioner
983,/mnt/data/Sound Sets/UrbanSound8K/UrbanSound8K/audio/fold2/74507-0-0-20.wav,0,air_conditioner
984,/mnt/data/Sound Sets/UrbanSound8K/UrbanSound8K/audio/fold2/74507-0-0-22.wav,0,air_conditioner
985,/mnt/data/Sound Sets/UrbanSound8K/UrbanSound8K/audio/fold2/74507-0-0-23.wav,0,air_conditioner
986,/mnt/data/Sound Sets/UrbanSound8K/UrbanSound8K/audio/fold2/74507-0-0-24.wav,0,air_conditioner
987,/mnt/data/Sound Sets/UrbanSound8K/UrbanSound8K/audio/fold2/74507-0-0-25.wav,0,air_conditioner
988,/mnt/data/Sound Sets/UrbanSound8K/UrbanSound8K/audio/fold2/74507-0-0-27.wav,0,air_conditioner
989,/mnt/data/Sound Sets/UrbanSound8K/UrbanSound8K/audio/fold2/74507-0-0-28.wav,0,air_conditioner
990,/mnt/data/Sound Sets/UrbanSound8K/UrbanSound8K/audio/fold2/74507-0-0-3.wav,0,air_conditioner
991,/mnt/data/Sound Sets/UrbanSound8K/UrbanSound8K/audio/fold2/74507-0-0-4.wav,0,air_conditioner
992,/mnt/data/Sound Sets/UrbanSound8K/UrbanSound8K/audio/fold2/74507-0-0-5.wav,0,air_conditioner
993,/mnt/data/Sound Sets/UrbanSound8K/UrbanSound8K/audio/fold2/74507-0-0-6.wav,0,air_conditioner
994,/mnt/data/Sound Sets/UrbanSound8K/UrbanSound8K/audio/fold2/74507-0-0-8.wav,0,air_conditioner
995,/mnt/data/Sound Sets/UrbanSound8K/UrbanSound8K/audio/fold2/74507-0-0-9.wav,0,air_conditioner
996,/mnt/data/Sound Sets/UrbanSound8K/UrbanSound8K/audio/fold5/77509-1-0-0.wav,1,car_horn
997,/mnt/data/Sound Sets/UrbanSound8K/UrbanSound8K/audio/fold6/82317-1-0-0.wav,1,car_horn
998,/mnt/data/Sound Sets/UrbanSound8K/UrbanSound8K/audio/fold7/83488-1-0-0.wav,1,car_horn
999,/mnt/data/Sound Sets/UrbanSound8K/UrbanSound8K/audio/fold7/83488-1-1-0.wav,1,car_horn
1000,/mnt/data/Sound Sets/UrbanSound8K/UrbanSound8K/audio/fold5/85569-0-0-0.wav,0,air_conditioner
1001,/mnt/data/Sound Sets/UrbanSound8K/UrbanSound8K/audio/fold5/85569-0-0-1.wav,0,air_conditioner
1002,/mnt/data/Sound Sets/UrbanSound8K/UrbanSound8K/audio/fold5/85569-0-0-2.wav,0,air_conditioner
1003,/mnt/data/Sound Sets/UrbanSound8K/UrbanSound8K/audio/fold5/85569-0-0-3.wav,0,air_conditioner
1004,/mnt/data/Sound Sets/UrbanSound8K/UrbanSound8K/audio/fold5/85569-0-0-4.wav,0,air_conditioner
1005,/mnt/data/Sound Sets/UrbanSound8K/UrbanSound8K/audio/fold5/85569-0-0-5.wav,0,air_conditioner
1006,/mnt/data/Sound Sets/UrbanSound8K/UrbanSound8K/audio/fold5/85569-0-0-6.wav,0,air_conditioner
1007,/mnt/data/Sound Sets/UrbanSound8K/UrbanSound8K/audio/fold5/85569-0-0-7.wav,0,air_conditioner
1008,/mnt/data/Sound Sets/UrbanSound8K/UrbanSound8K/audio/fold5/85569-0-0-8.wav,0,air_conditioner
1009,/mnt/data/Sound Sets/UrbanSound8K/UrbanSound8K/audio/fold5/85569-0-0-9.wav,0,air_conditioner
1010,/mnt/data/Sound Sets/UrbanSound8K/UrbanSound8K/audio/fold1/87275-1-0-0.wav,1,car_horn
1011,/mnt/data/Sound Sets/UrbanSound8K/UrbanSound8K/audio/fold1/87275-1-1-0.wav,1,car_horn
1012,/mnt/data/Sound Sets/UrbanSound8K/UrbanSound8K/audio/fold1/87275-1-2-0.wav,1,car_horn
1013,/mnt/data/Sound Sets/UrbanSound8K/UrbanSound8K/audio/fold1/87275-1-3-0.wav,1,car_horn
1014,/mnt/data/Sound Sets/UrbanSound8K/UrbanSound8K/audio/fold1/87275-1-4-0.wav,1,car_horn
1015,/mnt/data/Sound Sets/UrbanSound8K/UrbanSound8K/audio/fold1/87275-1-5-0.wav,1,car_horn
1016,/mnt/data/Sound Sets/UrbanSound8K/UrbanSound8K/audio/fold7/89679-1-0-0.wav,1,car_horn
1017,/mnt/data/Sound Sets/UrbanSound8K/UrbanSound8K/audio/fold7/89679-1-1-0.wav,1,car_horn
1018,/mnt/data/Sound Sets/UrbanSound8K/UrbanSound8K/audio/fold2/94401-1-0-0.wav,1,car_horn
1019,/mnt/data/Sound Sets/UrbanSound8K/UrbanSound8K/audio/fold1/94868-1-0-0.wav,1,car_horn
1020,/mnt/data/Sound Sets/UrbanSound8K/UrbanSound8K/audio/fold1/94868-1-1-0.wav,1,car_horn
1021,/mnt/data/Sound Sets/UrbanSound8K/UrbanSound8K/audio/fold1/94868-1-2-0.wav,1,car_horn
1022,/mnt/data/Sound Sets/UrbanSound8K/UrbanSound8K/audio/fold3/9674-1-0-0.wav,1,car_horn
1023,/mnt/data/Sound Sets/UrbanSound8K/UrbanSound8K/audio/fold3/9674-1-0-1.wav,1,car_horn
1024,/mnt/data/Sound Sets/UrbanSound8K/UrbanSound8K/audio/fold3/9674-1-0-2.wav,1,car_horn
1025,/mnt/data/Sound Sets/UrbanSound8K/UrbanSound8K/audio/fold7/99812-1-0-0.wav,1,car_horn
1026,/mnt/data/Sound Sets/UrbanSound8K/UrbanSound8K/audio/fold7/99812-1-0-1.wav,1,car_horn
1027,/mnt/data/Sound Sets/UrbanSound8K/UrbanSound8K/audio/fold7/99812-1-0-2.wav,1,car_horn
1028,/mnt/data/Sound Sets/UrbanSound8K/UrbanSound8K/audio/fold7/99812-1-1-0.wav,1,car_horn
1029,/mnt/data/Sound Sets/UrbanSound8K/UrbanSound8K/audio/fold7/99812-1-2-0.wav,1,car_horn
1030,/mnt/data/Sound Sets/UrbanSound8K/UrbanSound8K/audio/fold7/99812-1-3-0.wav,1,car_horn
1031,/mnt/data/Sound Sets/UrbanSound8K/UrbanSound8K/audio/fold7/99812-1-4-0.wav,1,car_horn
1032,/mnt/data/Sound Sets/UrbanSound8K/UrbanSound8K/audio/fold7/99812-1-5-0.wav,1,car_horn
1033,/mnt/data/Sound Sets/UrbanSound8K/UrbanSound8K/audio/fold7/99812-1-6-0.wav,1,car_horn
